clinic,city,contact_name,email,website,subject,status
Snø Dental Oslo,Oslo,Karan,post@snodental.no,https://snodental.no,Ny klinikk på Nesbru? Fyll kalenderen hos Snø Dental fra dag én – gratis oppstartsmåned,ready – ny klinikk (Nesbru)
Fayad Dental Oslo,Oslo,Kamal,,,Nyoppstartet klinikk? Fyll kalenderen hos Fayad Dental – gratis oppstartsmåned,no-email – IG @drkamalfayad
SmileNordic,Oslo,Maaz,post@smilenordic.no,https://smilenordic.no,Flere pasienter til SmileNordic – gratis oppstartsmåned,ready
Tannlege Sadia Khan (Pene Tenner),Oslo,Sadia,post@sadiakhan.no,https://sadiakhan.no,Flere henvisninger og synlighet for Pene Tenner – gratis oppstartsmåned,ready
Sentrum Tannlegesenter,Oslo,Javid,post@sentrumtannlegesenter.no,https://www.sentrumtannlegesenter.no,Flere timebestillinger til Sentrum Tannlegesenter – gratis oppstartsmåned,ready
Dental Studio Ensjø,Oslo,,ensjo@dentalstudio.no,https://dentalstudio.no,Flere pasienter til Dental Studio Ensjø – gratis oppstartsmåned,ready
Smil Tannlegesenter Bjørvika,Oslo,,info@smiltannlegesenter.no,https://www.smiltannlegesenter.no,Fyll kalenderen hos Smil Tannlegesenter Bjørvika – gratis oppstartsmåned,ready
Oslo Vest Tannklinikk,Oslo,,,https://oslovesttannklinikk.no,Flere pasienter til Oslo Vest Tannklinikk – gratis oppstartsmåned,email mangler – sjekk kontaktskjema på nettsiden
Rosenhoff Tannklinikk,Oslo,,rosenhoff.tannklinikk@gmail.com,https://www.rosenhofftannklinikk.no,Flere pasienter til Rosenhoff Tannklinikk – gratis oppstartsmåned,ready
Arkaden Tann,Oslo,Anne,arkadentann@gmail.com,https://arkadentann.no,Flere pasienter til Arkaden Tann – gratis oppstartsmåned,BOUNCED 2026-07-22 – død adresse – ring eller finn ny e-post
Mint Dental / Mint Tannhelse,Oslo,Sara,,https://www.octannklinikker.no/sarasolstad,Flere pasienter til Mint Tannhelse – gratis oppstartsmåned,email mangler
TannSpes,Oslo,,post@tannspes.no,https://tannspes.no,Flere henvisninger og synlighet for TannSpes – gratis oppstartsmåned,ready
Sportsklinikken,Oslo,,,,Flere pasienter til Sportsklinikken – gratis oppstartsmåned,nettside og email mangler
Simonsen Tannlegeklinikk,Oslo,,simonkl@online.no,https://www.simonsentannlegeklinikk.no,Flere pasienter til Simonsen Tannlegeklinikk – gratis oppstartsmåned,ready
Skullerud Tannlegesenter,Oslo – Skullerud,,resepsjon@skullerudtannlegesenter.no,https://skullerudtannlegesenter.no,Flere pasienter til Skullerud Tannlegesenter – gratis oppstartsmåned,ready
Tveitaklinikken,Oslo – Tveita,,post@tveitaklinikken.no,https://tveitaklinikken.no,Fyll kalenderen hos Tveitaklinikken – gratis oppstartsmåned,ready
Kalbakken Tannlegesenter,Oslo – Kalbakken,,postmaster@kalbakken-tannlege.no,https://kalbakken-tannlege.no,Flere pasienter til Kalbakken Tannlegesenter – gratis oppstartsmåned,ready
Tannlege Ann-Kristin Engen,Oslo – St. Hanshaugen,Ann-Kristin,post@tannengen.no,https://tannengen.no,Flere pasienter til din praksis – gratis oppstartsmåned,ready
Årvoll Tannhelse,Oslo – Årvoll,,post@aarvolltannhelse.no,,Flere timebestillinger til Årvoll Tannhelse – gratis oppstartsmåned,ready
Bølerlia Tannlegesenter,Oslo – Bøler,,post@bolertannlege.no,https://bolertannlege.no,Flere pasienter til Bølerlia Tannlegesenter – gratis oppstartsmåned,BOUNCED 2026-07-22 – død adresse – ring eller finn ny e-post
Grünerløkka Tannhelsesenter,Oslo – Grünerløkka,,kontakt@grunerlokka-tannhelsesenter.no,https://grunerlokka-tannhelsesenter.no,Fyll kalenderen hos Grünerløkka Tannhelsesenter – gratis oppstartsmåned,ready
Ammerud Tannklinikk og Tannlegevakt,Oslo – Ammerud,,post@ammerudtannlege.no,https://ammerudtannlege.no,Synlighet på akutt-søk for Ammerud Tannlegevakt – gratis oppstartsmåned,ready
Holmlia Tannlegekontor,Oslo – Holmlia,,adm@holmliatannlegene.no,https://holmliatannlegene.no,Flere pasienter til Holmlia Tannlegekontor – gratis oppstartsmåned,ready
Oppsal Tannlegesenter,Oslo – Oppsal,,post@oppsaltannlegesenter.no,https://oppsaltannlegesenter.no,Flere timebestillinger til Oppsal Tannlegesenter – gratis oppstartsmåned,ready
Tannlege Caspersen,Oslo – Vika,,j.casper@online.no,https://tannlegecaspersen.no,Flere pasienter til Tannlege Caspersen – gratis oppstartsmåned,ready
Aktiv Tannklinikk,Oslo – Storgata/Furuset,,post@aktivtann.no,https://aktivtann.no,Fyll kalenderen hos Aktiv Tannklinikk – gratis oppstartsmåned,ready
Storo Storsenter Tannklinikk,Oslo – Storo,,post@storostorsentertannklinikk.no,https://storostorsentertannklinikk.no,Flere pasienter til Storo Storsenter Tannklinikk – gratis oppstartsmåned,ready
Mortensrud Tannlegesenter,Oslo – Mortensrud,,post@mortensrudtannlege.no,https://mortensrudtannlege.no,Flere timebestillinger til Mortensrud Tannlegesenter – gratis oppstartsmåned,ready
Tannlegehaugen,Oslo – Bislett,Einar,tannbjart@gmail.com,https://tannlegehaugen.no,Flere pasienter til Tannlegehaugen – gratis oppstartsmåned,REPLIED 2026-07-22
Vest Tannlegepraksis,Oslo – Majorstuen,,firmapost@vest-tannlegepraksis.no,https://vest-tannlegepraksis.no,Flere pasienter til Vest Tannlegepraksis – gratis oppstartsmåned,ready
Christiania Tannlegesenter Frogner,Oslo – Frogner,,frogner@ctls.no,https://christiania-tannlegesenter.no,Fyll kalenderen hos Christiania Tannlegesenter – gratis oppstartsmåned,ready
Charnet Tannmedisin,Oslo – Frogner,,hei@charnet-tannmedisin.no,https://charnet-tannmedisin.no,Flere pasienter til Charnet Tannmedisin – gratis oppstartsmåned,ready
Dentalia Nydalen Tannlegesenter,Oslo – Nydalen,,post@dentalia.no,https://dentalia.no,Flere timebestillinger til Dentalia Nydalen – gratis oppstartsmåned,ready
DentalPark,Oslo – Homansbyen,,post@dentalpark.no,https://dentalpark.no,Flere pasienter til DentalPark – gratis oppstartsmåned,ready
Complete Smiles Oslo,Oslo – Etterstad,,post@completesmiles.no,https://completesmiles.no,Fyll kalenderen hos Complete Smiles – gratis oppstartsmåned,ready
Bjerke Tannmedisin,Oslo – Refstad,,post@tannmedisin.no,https://tannmedisin.no,Flere pasienter til Bjerke Tannmedisin – gratis oppstartsmåned,ready
Blid Tannlege,Oslo – flere avdelinger,,hei@blid.no,https://blid.no,Flere pasienter til Blid – gratis oppstartsmåned,ready (kjede med flere avdelinger)
Centrum Tannlegekontor,Oslo – Karl Johan,,langset@centrumtannlegekontor.no,https://centrumtannlegekontor.no,Flere pasienter til Centrum Tannlegekontor – gratis oppstartsmåned,ready
Bøler Tannhelseklinikk,Oslo – Bøler,,post@bolertannhelse.no,https://bolertannhelse.no,Flere timebestillinger til Bøler Tannhelseklinikk – gratis oppstartsmåned,ready
Dental & Dermal House,Oslo – Sentrum,,kontakt@dentaldermal.no,https://dentaldermal.no,Flere pasienter til Dental & Dermal House – gratis oppstartsmåned,ready
Bogstadveien Tannlege,Oslo – Majorstuen,,post@bogstadveientannlege.no,https://bogstadveientannlege.no,Flere pasienter til Bogstadveien Tannlege – gratis oppstartsmåned,ready
Tannlege Oslo AS,Oslo – Grønland,,post@oslotannlegeklinikk.no,https://oslotannlegeklinikk.no,Flere pasienter til Tannlege Oslo – gratis oppstartsmåned,ready
Tannlegene på Sinsen,Oslo – Sinsen,,post@tannlegesinsen.no,https://tannlegesinsen.no,Flere pasienter til Tannlegene på Sinsen – gratis oppstartsmåned,ready
Youngstorget Tannlegesenter,Oslo sentrum,,pasient@oslotannakutt.no,https://oslotannakutt.no,Synlighet på akutt-søk for Youngstorget Tannlegesenter – gratis oppstartsmåned,ready
Orbdent Oslo,Oslo sentrum,,oslo@orbdent.com,https://orbdent.no,Flere pasienter til Orbdent Oslo – gratis oppstartsmåned,ready
Tannlegeteam Linderud,Oslo – Linderud,,linderud@tannlegeteam.no,https://tannlegeteam.no,Flere pasienter til Tannlegeteam Linderud – gratis oppstartsmåned,ready
Rødtvedt Tannhelsesenter,Oslo – Rødtvet,,post@rodtvedttannhelse.no,https://rodtvedttannhelse.no,Flere pasienter til Rødtvedt Tannhelsesenter – gratis oppstartsmåned,ready
Nydalen Tannlegesenter,Oslo – Nydalen,,info@nydalentannlegesenter.no,https://nydalentannlegesenter.no,Flere pasienter til Nydalen Tannlegesenter – gratis oppstartsmåned,ready
Majorstua Tannlegene,Oslo – Majorstuen,,info@majorstuatannlegene.no,https://majorstuatannlegene.no,Flere pasienter til Majorstua Tannlegene – gratis oppstartsmåned,ready
Torshov Tannklinikk,Oslo – Torshov,,post@torshovtannklinikk.no,https://torshovtannklinikk.no,Flere pasienter til Torshov Tannklinikk – gratis oppstartsmåned,ready
Torshov Tannlegesenter,Oslo – Torshov,,post@torshovtannlegesenter.no,https://torshovtannlege.no,Fyll kalenderen hos Torshov Tannlegesenter – gratis oppstartsmåned,ready
Røa Tannhelse,Oslo – Røa,,post@roatannhelse.no,https://www.roatannhelse.no,Flere timebestillinger til Røa Tannhelse – gratis oppstartsmåned,ready
Røa Tannklinikk,Oslo – Røa,,post@rtannklinikk.no,https://www.rtannklinikk.no,Flere pasienter til Røa Tannklinikk – gratis oppstartsmåned,ready
Nordstrand Tannhelse,Oslo – Ljan,Trond,post@nordstrandtannhelse.no,https://www.nordstrandtannhelse.no,Fyll kalenderen hos Nordstrand Tannhelse – gratis oppstartsmåned,ready
Tannsmil Manglerud Tannhelsesenter,Oslo – Manglerud,,post@tannsmil.no,https://tannsmil.no,Flere pasienter til Tannsmil Manglerud Tannhelsesenter – gratis oppstartsmåned,ready
Helsfyr Tannklinikk,Oslo – Helsfyr,,post@helsfyrtannklinikk.no,https://helsfyrtannklinikk.no,Flere timebestillinger til Helsfyr Tannklinikk – gratis oppstartsmåned,ready
Vinderentannlegene,Oslo – Vinderen,,golden@vinderentannlegene.no,https://vinderentannlegene.no,Flere pasienter til Vinderentannlegene – gratis oppstartsmåned,ready
Lambertseter Tannlegesenter,Oslo – Lambertseter,,post@lamtann.no,https://lambertseter-tannlegesenter.no,Fyll kalenderen hos Lambertseter Tannlegesenter – gratis oppstartsmåned,ready
MedDentCare Tann og Helse,Oslo – Skøyen,,post@meddentcare.no,https://meddentcare.no,Flere pasienter til MedDentCare Tann og Helse – gratis oppstartsmåned,ready
Tannlege Vegard Winge,Oslo – Ekeberg,Vegard,post@tannlegevwinge.no,https://tannlegevwinge.no,Flere timebestillinger til Tannlege Vegard Winge – gratis oppstartsmåned,ready
Holtet Tannlegesenter,Oslo – Bekkelaget,,holtettannlegesenter@gmail.com,https://www.nordstrandtannlege.no,Flere pasienter til Holtet Tannlegesenter – gratis oppstartsmåned,ready
Ryen Tannhelseklinikk,Oslo – Ryen,,post@ryentannhelse.no,https://www.ryentannhelse.no,Fyll kalenderen hos Ryen Tannhelseklinikk – gratis oppstartsmåned,ready
DiDent Tannlegesenter,Oslo – Sagene,,info@dident.no,https://www.dident.no,Flere pasienter til DiDent Tannlegesenter – gratis oppstartsmåned,ready
Din Tannklinikk,Helsfyr / Oslo øst,,post@dintannklinikk.no,https://dintannklinikk.no,Flere pasienter til Din Tannklinikk – gratis oppstartsmåned,ready
Tøyen Tannlegevakt,Tøyen / Oslo øst,,tannlegesenter@gmail.com,https://toyentannlegevakt.no,Flere pasienter til Tøyen Tannlegevakt – gratis oppstartsmåned,ready
Smilia Tannklinikk,Oslo,,post@smilia-tannklinikk.no,https://smilia-tannklinikk.no,Flere timebestillinger til Smilia Tannklinikk – gratis oppstartsmåned,ready
X Medical Invest,Oslo,,post@gdts.no,https://groruddalentannlegesenter.no,Flere timebestillinger til X Medical Invest – gratis oppstartsmåned,kunde (GDTS) – aldri kontakt
Tannlege Kristin Berger Danielsen,Oslo,,post@tannlegeneiakersgata.no,https://tannlegeneiakersgata.no,Flere timebestillinger til Tannlege Kristin Berger Danielsen – gratis oppstartsmåned,ready
Ortodontia,Oslo,,post@adamstuentannregulering.no,https://adamstuentannregulering.no,Fyll kalenderen hos Ortodontia – gratis oppstartsmåned,ready
Oslo Tannlegesenter og Tannlegevakt,Oslo,,kongensgt.15@gmail.com,https://dentalcity.no,Fyll kalenderen hos Oslo Tannlegesenter og Tannlegevakt – gratis oppstartsmåned,ready
Holmlia Tannlegesenter,Oslo,,holmliatannlege@gmail.com,https://holmliatannlegesenter.no,Flere timebestillinger til Holmlia Tannlegesenter – gratis oppstartsmåned,ready
Søyland Tannklinikk,Oslo,,tannlege@soyland.no,https://soyland.no,Fyll kalenderen hos Søyland Tannklinikk – gratis oppstartsmåned,ready
Tannlege Line Engelstad,Oslo,,line@tannengel.no,https://tannengel.no,Flere timebestillinger til Tannlege Line Engelstad – gratis oppstartsmåned,ready
Tannlegesenter Mortensrud Torg,Oslo,,tannlegemortensrud@gmail.com,https://tannlegesentermortensrud.no,Flere pasienter til Tannlegesenter Mortensrud Torg – gratis oppstartsmåned,ready
Gamle Oslo Tannklinikk,Oslo,,post@gamleoslotannklinikk.no,https://gamleoslotannklinikk.no,Flere timebestillinger til Gamle Oslo Tannklinikk – gratis oppstartsmåned,ready
Tannlege Mariken Brecheisen,Oslo,,post@tannlegemariken.no,https://tannlegemariken.no,Flere timebestillinger til Tannlege Mariken Brecheisen – gratis oppstartsmåned,ready
Tannlege Olga Jakovljevic,Oslo,,tannlegeolga.no@gmail.com,https://tannlegeolga.no,Fyll kalenderen hos Tannlege Olga Jakovljevic – gratis oppstartsmåned,ready
Slemdal Tannlegesenter,Oslo,,post@slemdaltannlegesenter.no,https://slemdaltannlegesenter.no,Fyll kalenderen hos Slemdal Tannlegesenter – gratis oppstartsmåned,ready
Kera Dental,Oslo,,info@keradental.no,https://keradental.no,Flere pasienter til Kera Dental – gratis oppstartsmåned,ready
Lilleaker Tannklinikk,Oslo,,post@lilleaker-tannklinikk.no,https://lilleaker-tannklinikk.no,Flere timebestillinger til Lilleaker Tannklinikk – gratis oppstartsmåned,ready
Slottsparken Tannklinikk,Oslo,,post@slottsparkentannklinikk.no,https://slottsparkentannklinikk.no,Flere timebestillinger til Slottsparken Tannklinikk – gratis oppstartsmåned,ready
Tannlege Ragni E Funner og Amedica,Oslo,,bestilling@amedica.no,https://amedica.no,Fyll kalenderen hos Tannlege Ragni E Funner og Amedica – gratis oppstartsmåned,ready
Tannlegene Rossow,Oslo,,info@tannlegenerossow.no,https://tannlegenerossow.no,Flere pasienter til Tannlegene Rossow – gratis oppstartsmåned,ready
Tannlegene i Bogstadveien 51,Oslo,,post@tb51.no,https://tannlegeneibogstadveien51.no,Flere timebestillinger til Tannlegene i Bogstadveien 51 – gratis oppstartsmåned,ready
Mortensen & Edwin Tannhelsetjenester,Oslo,,mortensen_edwin@outlook.com,https://metannhelse.no,Flere pasienter til Mortensen & Edwin Tannhelsetjenester – gratis oppstartsmåned,ready
Hjørnetannlegene,Oslo,,post@hjornetannlegene.no,https://hjornetannlegene.no,Flere pasienter til Hjørnetannlegene – gratis oppstartsmåned,ready
Tannlegene Baldetorp,Oslo,,firma@tannlegenebaldetorp.no,https://tannlegenebaldetorp.no,Fyll kalenderen hos Tannlegene Baldetorp – gratis oppstartsmåned,ready
Vika Tannhelse,Oslo,,post@vika-tannhelse.no,https://vika-tannhelse.no,Fyll kalenderen hos Vika Tannhelse – gratis oppstartsmåned,ready
Lambertseter Tannhelse,Oslo,,post@lambertsetertannhelse.no,https://lambertsetertannhelse.no,Fyll kalenderen hos Lambertseter Tannhelse – gratis oppstartsmåned,ready
Tannlege Andre Roushan,Oslo,,post@spesdent.no,https://colosseumtannlege.no,Fyll kalenderen hos Tannlege Andre Roushan – gratis oppstartsmåned,ready
Oslo Tannlege,Oslo,,post@oslo-tannlege.no,https://oslo-tannlege.no,Flere pasienter til Oslo Tannlege – gratis oppstartsmåned,ready
Frogner Tannklinikk,Oslo,,post@frognertannklinikk.no,https://frognertannklinikk.no,Flere timebestillinger til Frogner Tannklinikk – gratis oppstartsmåned,ready
Ibsen Tannklinikk,Oslo,,info@ibsentannklinikk.no,https://ibsentannklinikk.no,Flere timebestillinger til Ibsen Tannklinikk – gratis oppstartsmåned,ready
Bjølsen Tannklinikk,Oslo,,post@bjolsentannklinikk.no,https://bjolsentannklinikk.no,Fyll kalenderen hos Bjølsen Tannklinikk – gratis oppstartsmåned,ready
Tannlege Roberto Plascencia,Oslo,,info@tannlegebislett.no,https://tannlegebislett.no,Fyll kalenderen hos Tannlege Roberto Plascencia – gratis oppstartsmåned,ready
Romsås Tannlegesenter,Oslo,,post@romsastannlegesenter.no,https://romsastannlegesenter.no,Flere pasienter til Romsås Tannlegesenter – gratis oppstartsmåned,ready
Tann og Kjeve,Oslo,,post@tannogkjeve.no,https://tannlegerommen.no,Flere pasienter til Tann og Kjeve – gratis oppstartsmåned,ready
Tannklinikk i Sentrum,Oslo,,tannlege@tannklinikkisentrum.no,https://tannklinikkisentrum.no,Flere timebestillinger til Tannklinikk i Sentrum – gratis oppstartsmåned,ready
Erik Hedels Tannlege Mntf,Oslo,,erik@tannlege-hedels.no,https://tannlege-hedels.no,Flere timebestillinger til Erik Hedels Tannlege Mntf – gratis oppstartsmåned,ready
Hoff Tannklinikk,Oslo,,post@hofftannklinikk.no,https://hofftann.no,Flere pasienter til Hoff Tannklinikk – gratis oppstartsmåned,ready
Tannlege Oddvar Lea,Oslo,,post@tannlegelea.no,https://tannlegelea.no,Fyll kalenderen hos Tannlege Oddvar Lea – gratis oppstartsmåned,ready
Oslo Tannlegesenter,Sentrum (Vika),,post@oslotannlegesenter.no,https://oslotannlegesenter.no,Fyll kalenderen hos Oslo Tannlegesenter – gratis oppstartsmåned,ready
Sentrum Tannlegevakt & Tannlegeklinikk,Sentrum,,sentrumtannlegevakt@gmail.com,https://sentrumtannlegeklinikk.no,Fyll kalenderen hos Sentrum Tannlegevakt & Tannlegeklinikk – gratis oppstartsmåned,ready
Emaljen Tannklinikk,Sentrum,,post@emaljentannklinikk.no,https://emaljentannklinikk.no,Fyll kalenderen hos Emaljen Tannklinikk – gratis oppstartsmåned,ready
Oslo Sentrum Tannklinikk,Sentrum,,post@oslosentrumtannklinikk.no,https://oslosentrumtannklinikk.no,Flere pasienter til Oslo Sentrum Tannklinikk – gratis oppstartsmåned,ready
Snø Dental Kolbotn,Kolbotn,Karan,kolbotn@snodental.no,https://snodental.no,Ny klinikk på Nesbru? Fyll kalenderen hos Snø Dental fra dag én – gratis oppstartsmåned,ready – ny klinikk (Nesbru)
Haugerud Tannlegesenter,Lørenskog,Mohammed,muhammhs@yahoo.no,,Nyoppstartet klinikk? Fyll kalenderen hos Haugerud Tannlegesenter – gratis oppstartsmåned,ready – ny klinikk
Kolbotn Tannlegesenter,Kolbotn,Tahir,post@kolbotntannlegesenter.no,https://kolbotntannlegesenter.no,Fyll kalenderen hos Kolbotn Tannlegesenter – gratis oppstartsmåned,ready
Dental Studio Lørenskog,Lørenskog,,lorenskog@dentalstudio.no,https://dentalstudio.no,Flere pasienter til Dental Studio Lørenskog – gratis oppstartsmåned,ready
Smil Tannlegesenter Bekkestua,Bekkestua,,info@smiltannlegesenter.no,https://www.smiltannlegesenter.no,Fyll kalenderen hos Smil Tannlegesenter Bekkestua – gratis oppstartsmåned,duplicate-email (same as Bjørvika – send one combined)
Lysaker Brygge Tannklinikk,Lysaker,Louise,post@lysakerbryggetannklinikk.no,https://lysakerbryggetannklinikk.no,Flere timebestillinger til Lysaker Brygge Tannklinikk – gratis oppstartsmåned,BOUNCED 2026-07-22 – død adresse – ring eller finn ny e-post
Tannkunsten,Ski,Alan,hei@tannkunsten.no,https://tannkunsten.no,Fyll kalenderen hos Tannkunsten – gratis oppstartsmåned,ready
Glint Tannhelse,Gjerdrum,,kontakt@glinttannhelse.no,https://www.glinttannhelse.no,Flere timebestillinger til Glint Tannhelse – gratis oppstartsmåned,ready
Tannami Klinikk,Billingstad,,avtale@tannami.no,https://www.tannami.no,Flere pasienter til Tannami Klinikk – gratis oppstartsmåned,ready
Lille Smil,Lillestrøm,Emeline,hei@lillesmil.no,https://lillesmil.no,Flere pasienter til Lille Smil – gratis oppstartsmåned,ready
Romerike Tannlegesenter,Kløfta,,post@romeriketannlegesenter.no,https://romeriketannlegesenter.no,Flere timebestillinger til Romerike Tannlegesenter – gratis oppstartsmåned,ready
Tannlegehuset Lillestrøm,Lillestrøm,,hei@tannlegehusetlillestrom.no,https://tannlegehusetlillestrom.no,Flere pasienter til Tannlegehuset Lillestrøm – gratis oppstartsmåned,ready
NurDent Lillestrøm Tannlegesenter,Lillestrøm,,kontakt@nurdent.no,https://nurdent.no,Flere timebestillinger til NurDent Lillestrøm Tannlegesenter – gratis oppstartsmåned,ready
Greverud Tannlegesenter,Oppegård,,post@greverudtannlegesenter.no,https://greverudtannlegesenter.no,Flere pasienter til Greverud Tannlegesenter – gratis oppstartsmåned,ready
Vita Tannklinikk,Strømmen,,post@vita-tannklinikk.no,https://vita-tannklinikk.no,Flere pasienter til Vita Tannklinikk – gratis oppstartsmåned,ready
Sandvika Tannklinikk,Sandvika,,postkasse@tannklinikken.com,https://tannklinikken.com,Flere pasienter til Sandvika Tannklinikk – gratis oppstartsmåned,ready
Aurora Tannhelse,Bekkestua,,hei@auroratannhelse.no,https://auroratannhelse.no,Fyll kalenderen hos Aurora Tannhelse – gratis oppstartsmåned,ready
Tannlegene Bratli,Hosle,,post@tannlegenebratli.no,https://tannlegenebratli.no,Flere pasienter til Tannlegene Bratli – gratis oppstartsmåned,ready
Tannlegene på Fornebu,Fornebu,,post@tannfornebu.no,https://tannfornebu.no,Flere timebestillinger til Tannlegene på Fornebu – gratis oppstartsmåned,ready
Tannlegeverket Fornebu,Fornebu,,fornebu@tannlegeverket.no,https://tannlegeverket.no,Flere pasienter til Tannlegeverket Fornebu – gratis oppstartsmåned,ready
Ski Tannlegesenter og Tannlegevakt,Ski,,hei@entann.no,https://entann.no,Synlighet på akutt-søk for Ski Tannlegevakt – gratis oppstartsmåned,ready
Dentalcity Ski,Ski,,dentalcityski@gmail.com,https://dentalcityski.no,Flere pasienter til Dentalcity Ski – gratis oppstartsmåned,ready
Kolbotn Tannklinikk,Kolbotn/Sofiemyr,,resepsjon2@kolbotntannklinikk.no,https://kolbotntannklinikk.no,Flere timebestillinger til Kolbotn Tannklinikk – gratis oppstartsmåned,ready (IKKE samme som Kolbotn Tannlegesenter)
Langhus Tannklinikk,Langhus,,post@langhustannklinikk.no,https://langhustannklinikk.no,Flere pasienter til Langhus Tannklinikk – gratis oppstartsmåned,ready
Langhus Tannlegesenter,Langhus,,post@tannlegelanghus.no,https://tannlegelanghus.no,Flere pasienter til Langhus Tannlegesenter – gratis oppstartsmåned,ready
Rehab Tannlegeklinikk Nesodden,Nesodden,,post@tannlegenesodden.no,https://tannlegenesodden.no,Flere pasienter til Rehab Tannlegeklinikk – gratis oppstartsmåned,ready
Lørenskog Tannklinikk,Lørenskog,,post@lorenskogtannklinikk.no,https://lorenskogtannklinikk.no,Flere pasienter til Lørenskog Tannklinikk – gratis oppstartsmåned,ready
Lørenskog Tannlegesenter,Lørenskog,,kontakt@lorenskogtannlege.no,https://lorenskogtannlege.no,Flere timebestillinger til Lørenskog Tannlegesenter – gratis oppstartsmåned,ready
Triaden Tannklinikk,Lørenskog,,post@triadentannklinikk.no,https://www.triadentannklinikk.no,Flere pasienter til Triaden Tannklinikk – gratis oppstartsmåned,ready
Tannverden,Rælingen,,post@tannverden.no,https://www.tannverden.no,Fyll kalenderen hos Tannverden – gratis oppstartsmåned,ready
Skedsmokorset Tannhelsesenter,Skedsmokorset,,post@skedsmotann.no,https://skedsmokorsettannhelsesenter.no,Flere pasienter til Skedsmokorset Tannhelsesenter – gratis oppstartsmåned,ready
Fetsund Tannklinikk,Fetsund,,fetsundtannlege@gmail.com,https://www.fetsund-tannklinikk.no,Flere pasienter til Fetsund Tannklinikk – gratis oppstartsmåned,ready
Nittedal Tannlegesenter,Nittedal,,post@nittedaltannlegesenter.no,https://www.nittedaltannlegesenter.no,Flere timebestillinger til Nittedal Tannlegesenter – gratis oppstartsmåned,ready
Sandvika Tannlegevakt,Sandvika,Naunihal,stlv@live.no,https://sandvikatannlegevakt.no,Synlighet på akutt-søk for Sandvika Tannlegevakt – gratis oppstartsmåned,ready
Strømmen Tannhelse og Tannlegevakt,Strømmen,Bhavna,post@strommentannhelse.no,https://strommentannhelse.no,Flere timebestillinger til Strømmen Tannhelse – gratis oppstartsmåned,ready
Lillestrøm Tannhelse,Lillestrøm,Burim,post@lillestromtannhelse.no,https://lillestromtannhelse.no,Flere pasienter til Lillestrøm Tannhelse – gratis oppstartsmåned,REPLIED 2026-07-25
Sunn Tannhelseklinikk,Lillestrøm,,post@sunntannhelse.no,https://sunntannhelse.no,Fyll kalenderen hos Sunn Tannhelseklinikk – gratis oppstartsmåned,ready
Kjeller Tannhelse,Kjeller,,post@kjellertannhelse.no,https://kjellertannhelse.no,Flere pasienter til Kjeller Tannhelse – gratis oppstartsmåned,ready
Bekkestua Tannlegesenter,Bekkestua,,post@bekkestuatannlegesenter.no,https://bekkestuatannlegesenter.no,Flere pasienter til Bekkestua Tannlegesenter – gratis oppstartsmåned,ready
Bekkestua Tannmedisin,Bekkestua,,post@bekkestuatannmedisin.no,https://bekkestuatannmedisin.no,Fyll kalenderen hos Bekkestua Tannmedisin – gratis oppstartsmåned,ready
Sandboe Tannlegesenter,Asker,,post@tannlege.as,https://tannlege.as,Flere pasienter til Sandboe Tannlegesenter – gratis oppstartsmåned,ready
Asker og Bærum Tannklinikk,Sandvika,,post@abtann.no,https://abtann.no,Flere timebestillinger til Asker og Bærum Tannklinikk – gratis oppstartsmåned,ready
Askertannlegene,Asker,,time@askertannlegene.no,https://askertannlegene.no,Flere pasienter til Askertannlegene – gratis oppstartsmåned,ready
Bærums Verk Tannlegesenter,Bærums Verk,Cathrine,post@baerumsverktannlegesenter.no,https://www.baerumsverktannlegesenter.no,Flere timebestillinger til Bærums Verk Tannlegesenter – gratis oppstartsmåned,ready
Kløfta Tannlegesenter,Kløfta,,post@ktannlege.no,https://www.ktannlege.no,Flere pasienter til Kløfta Tannlegesenter – gratis oppstartsmåned,ready
Stavrum Vilhelmsen Tannklinikk,Nittedal,,post@stavrumvilhelmsen.no,https://stavrumvilhelmsen.no,Flere timebestillinger til Stavrum Vilhelmsen Tannklinikk – gratis oppstartsmåned,ready
Follo Tannlegesenter,Ski,,post@follotannlegesenter.no,https://tannlege-ski.no,Flere timebestillinger til Follo Tannlegesenter – gratis oppstartsmåned,ready
Bærum-Sandvika Tannlegevakt,Sandvika,,post@bstannlegevakt.no,https://bstannlegevakt.no,Flere pasienter til Bærum-Sandvika Tannlegevakt – gratis oppstartsmåned,ready
Lillestrøm Tannklinikk og Tannlegevakt,Lillestrøm,,h.g@hotmail.no,https://lillestromtannlegevakt.no,Flere pasienter til Lillestrøm Tannklinikk og Tannlegevakt – gratis oppstartsmåned,ready
Cecilie Gjøvaag Attramadal,Asker,,post@askertannhelse.no,https://askertannhelse.no,Flere pasienter til Cecilie Gjøvaag Attramadal – gratis oppstartsmåned,ready
Kløfta Tannhelsesenter,Kløfta,,post@kloftatannhelsesenter.no,https://kloftatannhelsesenter.no,Flere pasienter til Kløfta Tannhelsesenter – gratis oppstartsmåned,ready
Strømmen Tannlegesenter,Strømmen,,post@strommentannlegesenter.no,https://strommentannlegesenter.no,Fyll kalenderen hos Strømmen Tannlegesenter – gratis oppstartsmåned,ready
Tannlegeriet Liabø,Kolbotn,,oss@tannlegeriet.no,https://tannlegeriet.no,Flere timebestillinger til Tannlegeriet Liabø – gratis oppstartsmåned,ready
Mucha Dental,Lørenskog,,post@dsoslo.no,https://mucha.no,Fyll kalenderen hos Mucha Dental – gratis oppstartsmåned,ready
Tannlegene i Concordiabygget,Lillestrøm,,post@ticb.no,https://ticb.no,Flere pasienter til Tannlegene i Concordiabygget – gratis oppstartsmåned,ready
Kolbotn Tannregulering,Kolbotn,,post@kolbotntannregulering.no,https://kolbotntannregulering.no,Flere timebestillinger til Kolbotn Tannregulering – gratis oppstartsmåned,ready
Holmen Tannklinikk,Nesbru,,post@holmentannklinikk.no,https://www.holmentannklinikk.no,Flere timebestillinger til Holmen Tannklinikk – gratis oppstartsmåned,ready
Heggedal Tannhelse,Heggedal,Prashant,post@heggedaltannhelse.no,https://heggedaltannhelse.no,Flere pasienter til Heggedal Tannhelse – gratis oppstartsmåned,ready
Haslum Tannlegekontor,Haslum,Martin,post@haslumtann.no,https://haslumtann.no,Fyll kalenderen hos Haslum Tannlegekontor – gratis oppstartsmåned,ready
Eiksmarka Tannlegesenter,Eiksmarka,,post@eiksmarkatannlegesenter.no,https://eiksmarkatannlegesenter.no,Flere timebestillinger til Eiksmarka Tannlegesenter – gratis oppstartsmåned,ready
Vollen Tannklinikk,Vollen,Julianne,post@vollentannklinikk.no,https://www.vollentannklinikk.no,Fyll kalenderen hos Vollen Tannklinikk – gratis oppstartsmåned,ready
Tannlegene Nesbru Senter,Nesbru,,post@tannlegene-nesbru.no,https://www.tannlegene-nesbru.no,Fyll kalenderen hos Tannlegene Nesbru Senter – gratis oppstartsmåned,ready
Tanngarden Sørumsand,Sørumsand,,post@tanngarden.com,https://www.tanngarden.com,Fyll kalenderen hos Tanngarden Sørumsand – gratis oppstartsmåned,ready
Frogner Tannlegesenter Sørum,Frogner,Mai,post@frognertannlegesenter.no,https://frognertannlegesenter.no,Flere pasienter til Frogner Tannlegesenter – gratis oppstartsmåned,ready
Fjerdingby Tannhelse,Fjerdingby,Vaida,post@fjerdingbytannhelse.no,https://fjerdingbytannhelse.no,Fyll kalenderen hos Fjerdingby Tannhelse – gratis oppstartsmåned,ready
Tannlegene Giving,Skjetten,,post@tannlegenegiving.no,https://tannlegegiving.no,Fyll kalenderen hos Tannlegene Giving – gratis oppstartsmåned,ready
Fagertann Tannklinikk,Fagerstrand,,post@fagertann.no,https://fagertann.no,Flere pasienter til Fagertann Tannklinikk – gratis oppstartsmåned,ready
Akriss Tannhelse,Nesoddtangen,,tannhelse@akriss.no,https://akriss.no,Fyll kalenderen hos Akriss Tannhelse – gratis oppstartsmåned,ready
Dentix Tannhelse,Nesoddtangen,,post@dentix.no,https://dentix.no,Flere pasienter til Dentix Tannhelse – gratis oppstartsmåned,ready
Tanngalleriet,Høvik,,post@tanngalleriet.no,https://tanngalleriet.no,Flere timebestillinger til Tanngalleriet – gratis oppstartsmåned,ready
Gjettum Tannklinikk,Gjettum,,post@gjettumtannklinikk.no,https://gjettumtannklinikk.no,Flere timebestillinger til Gjettum Tannklinikk – gratis oppstartsmåned,ready
Vinterbro Tannlegesenter,Vinterbro,,mail@vinterbrotannklinikk.no,https://vinterbrotannklinikk.no,Fyll kalenderen hos Vinterbro Tannlegesenter – gratis oppstartsmåned,ready
Charlotte Idstad Braathen,Nesbru,,post@tannglede.no,https://tannglede.no,Flere timebestillinger til Charlotte Idstad Braathen – gratis oppstartsmåned,ready
Etannlegene,Hvalstad,,etannlegene@outlook.com,https://etannlegene.no,Flere timebestillinger til Etannlegene – gratis oppstartsmåned,ready
Høvik Tannlegesenter,Høvik,,post@hoviktannlegesenter.no,https://hoviktannlegesenter.no,Fyll kalenderen hos Høvik Tannlegesenter – gratis oppstartsmåned,ready
Østerås Tannlegekontor,Østerås,,tidenstann@osteras-tannlegekontor.no,https://osteras-tannlegekontor.no,Fyll kalenderen hos Østerås Tannlegekontor – gratis oppstartsmåned,ready
Hauk Øyri,Stabekk,,post@kirurgiklinikken.no,https://kirurgiklinikken.no,Fyll kalenderen hos Hauk Øyri – gratis oppstartsmåned,ready
Tann - Værket,Eidsvoll Verk,,tannvarket@gmail.com,,Nyoppstartet klinikk? Fyll kalenderen hos Tann - Værket – gratis oppstartsmåned,ready – ny klinikk
Askim Tannlegesenter,Askim,Awais,mushtaq_84@hotmail.com,,Nyoppstartet klinikk? Fyll kalenderen hos Askim Tannlegesenter – gratis oppstartsmåned,ready – ny klinikk
Min Protese,Kongsberg,,kundeservice@minprotese.no,https://minprotese.no,Nyoppstartet klinikk? Fyll kalenderen hos Min Protese – gratis oppstartsmåned,ready – ny klinikk
Kransen Tannlegesenter,Moss,,kransen@smilehull.no,https://kransentannlegesenter.no,Flere pasienter til Kransen Tannlegesenter – gratis oppstartsmåned,ready
Ullensaker Tannlegesenter,Jessheim,,post@ullensakertannlegesenter.no,https://ullensakertannlegesenter.no,Flere timebestillinger til Ullensaker Tannlegesenter – gratis oppstartsmåned,ready
Clear Tannlegesenter Drammen,Drammen,,post@cleartannlegesenter.no,https://www.cleartannlegesenter.no,Fyll kalenderen hos Clear Tannlegesenter – gratis oppstartsmåned,ready
Tannlege Hekneby,Drammen,Lars,post@tannlegehekneby.no,https://www.tannlegehekneby.no,Flere pasienter til Tannlege Hekneby – gratis oppstartsmåned,ready
Tannlegene Framnes,Sætre,,post@tannlegeneframnes.no,https://tannlegeneframnes.no,Flere pasienter til Tannlegene Framnes – gratis oppstartsmåned,ready
Spikkestad Tannlegekontor,Spikkestad,,post@spikkestadtannlegene.no,https://spikkestadtannlegene.no,Flere pasienter til Spikkestad Tannlegekontor – gratis oppstartsmåned,ready
Tannlege Espevalen,Drammen,,post@tannlegeespevalen.no,https://tannlegeespevalen.no,Flere pasienter til Tannlege Espevalen – gratis oppstartsmåned,ready
OC Torget Tannlegesenter,Drammen,,hei@torgettannlegesenter.no,https://octannklinikker.no/klinikker/oc-torget-tannlegesenter,Fyll kalenderen hos Torget Tannlegesenter – gratis oppstartsmåned,ready (OC-kjeden)
Pharo Tannhelse,Lierbyen,,post@pharotannhelse.no,https://pharotannhelse.no,Flere pasienter til Pharo Tannhelse – gratis oppstartsmåned,ready
Vestby Tannlegesenter,Vestby,,kontor@vestbytannlege.no,https://vestbytannlege.no,Flere timebestillinger til Vestby Tannlegesenter – gratis oppstartsmåned,BOUNCED 2026-07-22 – død adresse – ring eller finn ny e-post
Vestby Tannregulering,Vestby,,vestby@vestbytannregulering.no,https://vestbytannregulering.no,Flere henvisninger til Vestby Tannregulering – gratis oppstartsmåned,ready
Drøbak Tannlegesenter,Drøbak,,post@drobaktannlegesenter.no,https://drobaktannlegesenter.no,Flere pasienter til Drøbak Tannlegesenter – gratis oppstartsmåned,ready
Drøbak Tannlegevakt,Drøbak,,info@drobaktannlege.no,https://drobaktannlege.no,Synlighet på akutt-søk for Drøbak Tannlegevakt – gratis oppstartsmåned,ready
Hans og Grete Tannklinikk,Drøbak,,post@hansoggretetannklinikk.no,https://mintdrobak.com,Flere pasienter til Hans og Grete Tannklinikk – gratis oppstartsmåned,ready
Tannverket Moss,Moss,,post@tannverketmoss.no,https://tannverketmoss.no,Fyll kalenderen hos Tannverket Moss – gratis oppstartsmåned,ready
Jessheim Tannlegesenter,Jessheim,,post@jesstann.no,https://jesstann.no,Flere pasienter til Jessheim Tannlegesenter – gratis oppstartsmåned,ready
Jessheim Tannlegevakt og Tannklinikk,Jessheim,,jessheimtann@gmail.com,https://www.jessheimtann.no,Synlighet på akutt-søk for Jessheim Tannlegevakt – gratis oppstartsmåned,ready
Eidel Tannlegesenter,Eidsvoll,,post@eideltannlegesenter.no,https://www.eideltannlegesenter.no,Flere pasienter til Eidel Tannlegesenter – gratis oppstartsmåned,ready
Nannestad Tannlegesenter,Nannestad,,post@nannestad-tannlegesenter.no,https://nannestad-tannlegesenter.no,Flere pasienter til Nannestad Tannlegesenter – gratis oppstartsmåned,ready
Maura Tannlegesenter,Maura,,post@tannlegemaura.no,https://tannlegemaura.no,Flere pasienter til Maura Tannlegesenter – gratis oppstartsmåned,ready
Din Tannlege Årnes,Årnes,,dintannlege@xn--tannlegernes-0cb.no,https://www.tannlegeårnes.no,Flere pasienter til Din Tannlege Årnes – gratis oppstartsmåned,ready (verifiser IDN-domene i e-post før sending)
Tannlegene Kriebel og Lund Olsen,Årnes,,post@kriebel-lundolsen.no,https://kriebel-lundolsen.no,Flere pasienter til Tannlegene Kriebel og Lund Olsen – gratis oppstartsmåned,ready
Bjørkelangen Tannhelsesenter,Bjørkelangen,,post@bjorkelangen-tannhelsesenter.no,https://bjorkelangen-tannhelsesenter.no,Flere pasienter til Bjørkelangen Tannhelsesenter – gratis oppstartsmåned,ready
Enebakk Tannlegekontor,Ytre Enebakk,,enebakk.tannlegekontor@outlook.com,https://www.enebakktannlege.no,Flere pasienter til Enebakk Tannlegekontor – gratis oppstartsmåned,ready
Ytre Enebakk Tannklinikk,Ytre Enebakk,,yetannklinikk@gmail.com,https://www.ytreenebakktannklinikk.no,Flere pasienter til Ytre Enebakk Tannklinikk – gratis oppstartsmåned,ready
Tannstudio Drammen,Drammen,,post@tannstudiodrammen.no,https://tannstudiodrammen.no,Flere pasienter til Tannstudio Drammen – gratis oppstartsmåned,ready
Hvite Smil,Drammen,,mail@hvitesmil.no,https://hvitesmil.no,Fyll kalenderen hos Hvite Smil – gratis oppstartsmåned,ready
Årnes Tannregulering og Tannhelse,Årnes,,post@aarnestannhelse.no,https://www.aarnestannhelse.no,Flere pasienter til Årnes Tannregulering og Tannhelse – gratis oppstartsmåned,ready
Din Tannlege Jessheim,Jessheim,Leon,post@dintannlege.no,https://www.dintannlege.no,Flere pasienter til Din Tannlege Jessheim – gratis oppstartsmåned,ready
Askim Tannhelsesenter,Askim,,post@askimtannhelsesenter.no,https://tannlege-askim.no,Fyll kalenderen hos Askim Tannhelsesenter – gratis oppstartsmåned,ready
Jeløy Tannklinikk,Moss,,post@jeloytannklinikk.no,https://jeloytannklinikk.no,Fyll kalenderen hos Jeløy Tannklinikk – gratis oppstartsmåned,ready
Drammen Tannhelsesenter,Drammen,,post@dtannhelse.no,https://dtannhelse.no,Flere timebestillinger til Drammen Tannhelsesenter – gratis oppstartsmåned,ready
Sydow og Mo,Drammen,,post@sydowogmo.no,https://sydowogmo.no,Flere pasienter til Sydow og Mo – gratis oppstartsmåned,ready
Liertoppen Tannlegesenter,Lierskogen,,post@liertann.no,https://liertoppentannlegesenter.com,Flere timebestillinger til Liertoppen Tannlegesenter – gratis oppstartsmåned,ready
Tannhelse Msl,Drammen,,tannhelse.msl@gmail.com,https://tannhelsemsl.no,Flere timebestillinger til Tannhelse Msl – gratis oppstartsmåned,ready
Tannlegene Qvale,Drøbak,,tannlegeneqvale@gmail.com,https://tannlegeneqvale.no,Flere pasienter til Tannlegene Qvale – gratis oppstartsmåned,ready
Tannlege Bjørn Einar Dahl,Drøbak,,be@tannlegedahl.no,https://tannlegedahl.no,Flere timebestillinger til Tannlege Bjørn Einar Dahl – gratis oppstartsmåned,ready
Børsen Tannhelse,Drammen,,post@borsentannhelse.no,https://borsentannhelse.no,Fyll kalenderen hos Børsen Tannhelse – gratis oppstartsmåned,ready
Konnerud Tannlegesenter,Drammen,,post@konnerud-tannlegesenter.no,https://konnerud-tannlegesenter.no,Fyll kalenderen hos Konnerud Tannlegesenter – gratis oppstartsmåned,ready
Moss Tannklinikk,Moss,,hei@mosstannhelsesenter.no,https://octannklinikker.no,Flere pasienter til Moss Tannklinikk – gratis oppstartsmåned,ready
Vakkert Smil,Vestby,,tannregulering@vakkertsmil.no,https://vakkertsmil.no,Fyll kalenderen hos Vakkert Smil – gratis oppstartsmåned,ready
Råholt Tannlegesenter,Råholt,,post@tannlegeraaholt.no,https://www.tannlegeraaholt.no,Flere timebestillinger til Råholt Tannlegesenter – gratis oppstartsmåned,ready
Melodent Spydeberg,Spydeberg,,spydeberg@melodent.no,https://melodent.no,Flere pasienter til Melodent Spydeberg – gratis oppstartsmåned,ready
Melodent Mysen,Mysen,,mysen@melodent.no,https://melodent.no,Flere timebestillinger til Melodent Mysen – gratis oppstartsmåned,ready
Kongsberg Tannlegesenter,Kongsberg,,post@kongsberg-tannlegesenter.no,https://kongsberg-tannlegesenter.no,Flere pasienter til Kongsberg Tannlegesenter – gratis oppstartsmåned,ready
Vestsiden Tannlegekontor,Kongsberg,,post@tannlegen-kongsberg.no,https://tannlegen-kongsberg.no,Fyll kalenderen hos Vestsiden Tannlegekontor – gratis oppstartsmåned,ready
Berja Tannklinikk,Kongsberg,,post@berjasentertannklinikk.no,https://berjasentertannklinikk.no,Flere timebestillinger til Berja Tannklinikk – gratis oppstartsmåned,ready
Accept Dental,Hokksund,,service@acceptdental.no,https://acceptdental.no,Flere pasienter til Accept Dental – gratis oppstartsmåned,ready
Tannlege Niclas Berggren,Hønefoss,Niclas,post@tannlegeniclasberggren.no,https://tannlegeniclasberggren.no,Fyll kalenderen hos Tannlege Niclas Berggren – gratis oppstartsmåned,ready
Nohre Berg Tannklinikk,Hønefoss,,tannlegenb@gmail.com,https://nohrebergtannklinikk.no,Flere timebestillinger til Nohre Berg Tannklinikk – gratis oppstartsmåned,ready
Tannlegekompaniet Hønefoss,Hønefoss,,post@tannlegekompaniet.no,https://tannlegekompaniet.no,Flere pasienter til Tannlegekompaniet – gratis oppstartsmåned,ready
Trøgstad Tannlegesenter,Trøgstad,,post@trogstadtannlegesenter.no,https://trogstadtannlegesenter.no,Flere pasienter til Trøgstad Tannlegesenter – gratis oppstartsmåned,ready
Tranby Tannlegesenter,Tranby,,info@tranbytannlegesenter.no,https://tranbytannlegesenter.no,Flere timebestillinger til Tranby Tannlegesenter – gratis oppstartsmåned,ready
Hurdal Tannlegesenter,Hurdal,,post@hurdaltannlegesenter.no,https://hurdaltannlegesenter.no,Fyll kalenderen hos Hurdal Tannlegesenter – gratis oppstartsmåned,ready
Kron Dental,Råde,,post@krondental.no,https://krondental.no,Fyll kalenderen hos Kron Dental – gratis oppstartsmåned,ready
Jevnaker Smil Tannklinikk,Jevnaker,,post@jstannklinikk.no,https://jstannklinikk.no,Flere pasienter til Jevnaker Smil Tannklinikk – gratis oppstartsmåned,ready
Svelvik Tannlegesenter,Svelvik,,post@svelviktannlegesenter.no,https://svelviktannlegesenter.no,Flere timebestillinger til Svelvik Tannlegesenter – gratis oppstartsmåned,ready
Sand Tannlegesenter,Sagstua,,post@sandtannlegesenter.no,https://sandtannlegesenter.no,Flere pasienter til Sand Tannlegesenter – gratis oppstartsmåned,ready
Rygge Tannlegesenter,Rygge,,post@rygge-tannlegesenter.no,https://rygge-tannlegesenter.no,Flere timebestillinger til Rygge Tannlegesenter – gratis oppstartsmåned,ready
Solbergmoen Tannlegesenter,Solbergmoen,,post@solbergmoentannlegesenter.no,https://solbergmoentannlegesenter.no,Flere pasienter til Solbergmoen Tannlegesenter – gratis oppstartsmåned,ready
Tannlegene Bommen,Kongsberg,,kontakt@tannlegenebommen.no,https://tannlegenebommen.no,Flere timebestillinger til Tannlegene Bommen – gratis oppstartsmåned,ready
Hønefoss Snorkeklinikk,Hønefoss,,post@stoppsnorking.no,https://stoppsnorking.no,Flere pasienter til Hønefoss Snorkeklinikk – gratis oppstartsmåned,ready
Tannlege Kristine Jegerseberg Andersen,Hokksund,,post@raadhustannlegene.no,https://raadhustannlegene.no,Fyll kalenderen hos Tannlege Kristine Jegerseberg Andersen – gratis oppstartsmåned,ready
Tannlegene i Doktorgården,Slemmestad,,post@tannlegedoktorgarden.no,https://tannlegedoktorgarden.no,Flere pasienter til Tannlegene i Doktorgården – gratis oppstartsmåned,ready
Elin Sørra Tannlege,Våler i østfold,,kontakt@vaalertannklinikk.no,https://vaalertannklinikk.no,Flere timebestillinger til Elin Sørra Tannlege – gratis oppstartsmåned,ready
Tannlegene i Cappelens Gate,Skien,Erikssen,tannlege.erikssen@gmail.com,,Nyoppstartet klinikk? Fyll kalenderen hos Tannlegene i Cappelens Gate – gratis oppstartsmåned,ready – ny klinikk
Fernandes Tannhelse,Gjøvik,Thais,,,Nyoppstartet klinikk? Fyll kalenderen hos Fernandes Tannhelse – gratis oppstartsmåned,no-email – tlf 90281358
Tannlege Bergan,Skien,Kenneth,post@tannlegebergan.no,https://www.tannlegebergan.no,Flere pasienter til Tannlege Bergan – gratis oppstartsmåned,ready
Handelstorget Tannlegesenter,Skien,,tannlegene@handelstorget-tann.no,https://www.handelstorget-tann.no,Fyll kalenderen hos Handelstorget Tannlegesenter – gratis oppstartsmåned,ready
Ibsen Tannlegesenter,Skien,,tone.christensen@ibsen-tannlegesenter.no,https://ibsen-tannlegesenter.no,Fyll kalenderen hos Ibsen Tannlegesenter – gratis oppstartsmåned,ready
Tannlegene i Kaffehuset,Skien,,tannlegeneikaffehuset@gmail.com,https://tannlegeneikaffehuset.no,Fyll kalenderen hos Tannlegene i Kaffehuset – gratis oppstartsmåned,ready
Skien Tannhelse,Skien,,hei@skientannhelse.no,https://octannklinikker.no,Fyll kalenderen hos Skien Tannhelse – gratis oppstartsmåned,ready
Tannlegene Nikolaisen,Skien,,post@tannlegene-nikolaisen.no,https://tannlegene-nikolaisen.no,Flere pasienter til Tannlegene Nikolaisen – gratis oppstartsmåned,ready
NorFloss,Halden,,smil@norfloss.no,https://norfloss.no,Fyll kalenderen hos NorFloss – gratis oppstartsmåned,ready
Stadion Tannklinikk,Hamar,Inge,post@stadion-tannklinikk.no,https://www.stadiontannklinikk.no,Flere pasienter til Stadion Tannklinikk – gratis oppstartsmåned,ready
Tønsberg Tannlegesenter,Tønsberg,Natalya,post@tonsbergtannlegesenter.no,https://www.tonsbergtannlegesenter.no,Flere timebestillinger til Tønsberg Tannlegesenter – gratis oppstartsmåned,ready
Tannhuset Lillehammer,Lillehammer,Dag,post@tannlegenordblom.no,https://tannlegenordblom.no,Flere pasienter til Tannhuset Lillehammer – gratis oppstartsmåned,BOUNCED 2026-07-22 – død adresse – ring eller finn ny e-post
Prima Tannklinikk,Fredrikstad,,post@primatannklinikk.no,https://primatannklinikk.no,Fyll kalenderen hos Prima Tannklinikk – gratis oppstartsmåned,ready
Tannlege Øystein Misje,Holmestrand,Øystein,post@tannlegemisje.no,https://tannlegemisje.no,Flere pasienter til Tannlege Misje – gratis oppstartsmåned,ready
Tannlege Andrei Sørlie,Elverum,Andrei,,,Flere pasienter til Tannlege Sørlie – gratis oppstartsmåned,nettside og email mangler
Flow Tannhelse,Sarpsborg,,hei@flowtannhelse.no,https://flowtannhelse.no,Flere pasienter til Flow Tannhelse – gratis oppstartsmåned,ready
Astra Tannklinikk,Sarpsborg,,post@astratannklinikk.no,https://astratannklinikk.no,Fyll kalenderen hos Astra Tannklinikk – gratis oppstartsmåned,ready
Hamar Tannlegevakt,Hamar,,post@hamartannlegevakt.as,https://hamartannlegevakt.as,Flere pasienter til Hamar Tannlegevakt – gratis oppstartsmåned,ready
Aktiv Tannhelse Hamar,Hamar,,post@aktivtannhelse.no,https://www.aktivtannhelse.no,Fyll kalenderen hos Aktiv Tannhelse – gratis oppstartsmåned,ready
Hartz Dental,Elverum,,info@hartzdental.no,https://hartzdental.no,Flere timebestillinger til Hartz Dental – gratis oppstartsmåned,ready
Gjøvik Tannlegesenter,Gjøvik,,post@gjoviktann.no,https://gjovik-tannlegesenter.no,Flere pasienter til Gjøvik Tannlegesenter – gratis oppstartsmåned,ready
Tannlege Jaghlasian,Kongsvinger,Georges,post@tannlegekongsvinger.no,https://tannlegekongsvinger.no,Fyll kalenderen hos Tannlege Jaghlasian – gratis oppstartsmåned,ready
Kongsvinger Tannhelse,Kongsvinger,,post@kongsvingertannhelse.no,https://kongsvingertannhelse.no,Flere timebestillinger til Kongsvinger Tannhelse – gratis oppstartsmåned,ready
Kilentannlegen,Sandefjord,,kontakt@kilentannlegen.no,https://kilentannlegen.no,Flere pasienter til Kilentannlegen – gratis oppstartsmåned,ready
Tannhelseklinikken Annette Bøvre,Sandefjord,Annette,post@tannhelseklinikkensandefjord.no,https://tannhelseklinikkensandefjord.no,Fyll kalenderen hos Tannhelseklinikken Annette Bøvre – gratis oppstartsmåned,ready
Hvalen Tannklinikk,Sandefjord,,kontor@hvaltann.no,https://www.hvaltann.no,Flere timebestillinger til Hvalen Tannklinikk – gratis oppstartsmåned,ready
Larvik Tannhelse,Larvik,,post@larviktannhelse.no,https://larviktannhelse.no,Flere pasienter til Larvik Tannhelse – gratis oppstartsmåned,ready
Sentrum Tannklinikk Larvik,Larvik,,post@sentrumtannklinikklarvik.no,https://sentrumtannklinikklarvik.no,Fyll kalenderen hos Sentrum Tannklinikk Larvik – gratis oppstartsmåned,ready
Braarud Tannlegene,Horten,Nina,nina@landquist.no,https://www.tannlegehorten.no,Flere timebestillinger til Braarud Tannlegene – gratis oppstartsmåned,ready
Linden Tannklinikk,Horten,,lindentannklinikk@gmail.com,https://www.lindentannklinikk.no,Flere pasienter til Linden Tannklinikk – gratis oppstartsmåned,ready
Tannlege Borge,Porsgrunn,Magne,magne@tannlegeborge.no,https://www.tannlegeborge.no,Flere timebestillinger til Tannlege Borge – gratis oppstartsmåned,ready
Tannlegene på Søsterhjemmet,Porsgrunn,,tannlegene@sosterhjemmet.no,https://tannlegesosterhjemmet.no,Flere pasienter til Tannlegene på Søsterhjemmet – gratis oppstartsmåned,ready
Notodden Dental,Notodden,Svetlana,svetlana@aubert.as,https://tannlegeaubert.no,Fyll kalenderen hos Notodden Dental – gratis oppstartsmåned,ready
Privattannlegene Fredrikstad,Fredrikstad,,resepsjon@privattannlegene.no,https://privattannlegene.no,Flere timebestillinger til Privattannlegene – gratis oppstartsmåned,ready
Tannkontoret Sarpsborg,Sarpsborg,,post@tannkontoret.no,https://tannkontoret.no,Flere pasienter til Tannkontoret – gratis oppstartsmåned,ready
Halden Tannhelsesenter,Halden,,post@haldentannhelsesenter.no,https://haldentannhelsesenter.no,Fyll kalenderen hos Halden Tannhelsesenter – gratis oppstartsmåned,ready
Fredrikstad Tannhelse,Fredrikstad,,post@fredrikstadtannhelse.no,https://fredrikstadtannhelse.no,Flere pasienter til Fredrikstad Tannhelse – gratis oppstartsmåned,ready
Tann i Tiden,Fredrikstad,,post@nytann.no,https://tannitiden.no,Fyll kalenderen hos Tann i Tiden – gratis oppstartsmåned,ready
Farmannsgate Tannlegesenter,Fredrikstad,,kontakt@farmanntann.no,https://farmanntann.no,Flere timebestillinger til Farmannsgate Tannlegesenter – gratis oppstartsmåned,ready
Torget Tannhelse,Sarpsborg,,post@torgettann.no,https://torgettann.no,Flere pasienter til Torget Tannhelse – gratis oppstartsmåned,ready
HA Tannlege,Hamar,,post@ha-tannlege.no,https://ha-tannlege.no,Fyll kalenderen hos HA Tannlege – gratis oppstartsmåned,ready
MN Tannlegeklinikk,Hamar,,mntannlegeklinikk@gmail.com,https://mntannlegeklinikk.no,Flere timebestillinger til MN Tannlegeklinikk – gratis oppstartsmåned,ready
Selbak Tannlegesenter,Sellebakk,,post@seltann.no,https://seltann.no,Flere pasienter til Selbak Tannlegesenter – gratis oppstartsmåned,ready
Tretten Tannlegesenter,Tretten,,post@trettentannlegesenter.no,https://trettentannlegesenter.no,Flere pasienter til Tretten Tannlegesenter – gratis oppstartsmåned,ready
Follebu Tannlegekontor,Follebu,,admin@follebutannlegekontor.no,https://follebutannlegekontor.no,Flere timebestillinger til Follebu Tannlegekontor – gratis oppstartsmåned,ready
Tannlege Eric Daniel,Sandefjord,,rosjordetannklinikk@gmail.com,https://rosjordetannklinikk.no,Fyll kalenderen hos Tannlege Eric Daniel – gratis oppstartsmåned,ready
Glomma Tannklinikk,Fredrikstad,,post@glommatannklinikk.no,https://glommatannklinikk.no,Fyll kalenderen hos Glomma Tannklinikk – gratis oppstartsmåned,ready
Tannlege Magnus Dahl Eide,Tønsberg,,post@tannhelse.no,https://tannhelse.no,Flere pasienter til Tannlege Magnus Dahl Eide – gratis oppstartsmåned,ready
Tannlege Christopher Robin Hughes,Torød,,post@tannklinikken-mk.no,https://tannklinikken-mk.no,Fyll kalenderen hos Tannlege Christopher Robin Hughes – gratis oppstartsmåned,ready
Vinstra Tannlegesenter,Vinstra,,post@vinstratannlegesenter.no,https://vinstratannlegesenter.no,Flere pasienter til Vinstra Tannlegesenter – gratis oppstartsmåned,ready
Eidskog Tannlegesenter,Skotterud,,post@eidskogtannlegesenter.no,https://eidskogtannlegesenter.no,Fyll kalenderen hos Eidskog Tannlegesenter – gratis oppstartsmåned,ready
Ringebu Tannlegesenter,Ringebu,,post@ringebutannlegesenter.no,https://ringebutannlegesenter.no,Flere pasienter til Ringebu Tannlegesenter – gratis oppstartsmåned,ready
Haldentannlegene,Halden,,johanna@haldentannlegene.no,https://haldentannlegene.no,Flere pasienter til Haldentannlegene – gratis oppstartsmåned,ready
Sande Tannhelse,Sande i vestfold,,post@sandetannhelse.no,https://sandetannhelse.no,Fyll kalenderen hos Sande Tannhelse – gratis oppstartsmåned,ready
Oasen Tannklinikk,Fredrikstad,,oasen.tannklinikk@gmail.com,https://oasentannklinikk.no,Fyll kalenderen hos Oasen Tannklinikk – gratis oppstartsmåned,ready
Vågå Tannhelse,Vågå,,post@vagatannhelse.no,https://vagatannhelse.no,Flere pasienter til Vågå Tannhelse – gratis oppstartsmåned,ready
Oralkirurg Ketil Moen,Langesund,,post@soltann.no,https://soltann.no,Fyll kalenderen hos Oralkirurg Ketil Moen – gratis oppstartsmåned,ready
Trysiltannlegene,Trysil,,kontakt@trysiltannlegene.no,https://trysiltannlegene.no,Flere timebestillinger til Trysiltannlegene – gratis oppstartsmåned,ready
Tannlege Maya Malhi,Stange,,resepsjon@stangedental.no,https://stangedental.no,Flere timebestillinger til Tannlege Maya Malhi – gratis oppstartsmåned,ready
Rubberdam Activity,Tolvsrød,,resepsjon@fjorddental.no,https://fjorddental.no,Flere pasienter til Rubberdam Activity – gratis oppstartsmåned,ready
Svein Grinnbo,Sarpsborg,,post@tannlegegrinnbo.no,https://tannlegegrinnbo.no,Fyll kalenderen hos Svein Grinnbo – gratis oppstartsmåned,ready
Sentrum Tannklinikk Porsgrunn,Porsgrunn,,post@sentrumtannklinikkporsgrunn.no,https://sentrumtannklinikkporsgrunn.no,Flere pasienter til Sentrum Tannklinikk Porsgrunn – gratis oppstartsmåned,ready
Mjøstannlegene Gjøvik,Gjøvik,Pål,post@mjostannlegene.no,https://mjostannlegene.no,Flere pasienter til Mjøstannlegene – gratis oppstartsmåned,ready – innlandsrunde
Tannlege Hjortdal,Lillehammer,,post@tannlegehjortdal.no,https://tannlegehjortdal.no,Flere timebestillinger til Tannlege Hjortdal – gratis oppstartsmåned,ready – innlandsrunde
Klinikk77 (K77),Lillehammer,,post@k77.no,http://www.k77.no,Flere henvisninger og synlighet for K77 – gratis oppstartsmåned,ready – innlandsrunde (spesialistklinikk)
Olivera Tannhelseteam,Lillehammer,Olivera,post@oliveratannhelseteam.no,https://oliveratannhelseteam.no,Fyll kalenderen hos Olivera Tannhelseteam – gratis oppstartsmåned,ready – innlandsrunde (åpent 365 dager – akutt-vinkel)
Mjøsa Tannklinikk og Tannlegevakt,Hamar,Navjit,post@mjosatannklinikk.no,https://mjosatannklinikk.no,Synlighet på akutt-søk for Mjøsa Tannklinikk – gratis oppstartsmåned,ready – innlandsrunde
Tannlege Jon Olav Aabakken,Hamar,Jon Olav,post@tannlege-aabakken.no,https://tannlege-aabakken.no,Flere henvisninger til Tannlege Aabakken – gratis oppstartsmåned,ready – innlandsrunde (tannregulering)
Kjellands Tannlegepraksis,Elverum,Tom,post@kjellands.no,https://www.kjellandstannlegepraksis.no,Flere pasienter til Kjellands Tannlegepraksis – gratis oppstartsmåned,ready – innlandsrunde
Tynset Tannlegesenter,Tynset,,post@tynsettannlegesenter.no,https://tynsettannlegesenter.no,Flere timebestillinger til Tynset Tannlegesenter – gratis oppstartsmåned,ready – innlandsrunde
Fjelltannlegene,Fagernes/Beitostølen/Hemsedal,,post@fjelltannlegene.no,https://fjelltannlegene.no,Fyll kalenderen hos Fjelltannlegene – gratis oppstartsmåned,ready – innlandsrunde (3 avdelinger)
Tannlege Rotberget,Kongsvinger,,info@tannlegerotberget.no,https://tannlegerotberget.no,Fyll kalenderen hos Tannlege Rotberget – gratis oppstartsmåned,ready
Rjukan Tannlegesenter,Rjukan,,post@rjukantannlegesenter.no,https://rjukantannlegesenter.no,Flere pasienter til Rjukan Tannlegesenter – gratis oppstartsmåned,ready
Tannlegene Aasnæs,Sande i vestfold,,post@tannlegeneaasnes.no,https://tannlegeneaasnaes.no,Fyll kalenderen hos Tannlegene Aasnæs – gratis oppstartsmåned,ready
Andebu Tannklinikk,Andebu,,post@andebutannklinikk.no,https://andebutannklinikk.no,Flere timebestillinger til Andebu Tannklinikk – gratis oppstartsmåned,ready
Tannlege Ragnhild Bø Gaarden,Vinstra,,post@tanngaarden.no,https://tanngaarden.no,Flere timebestillinger til Tannlege Ragnhild Bø Gaarden – gratis oppstartsmåned,ready
Tannhelsehuset,Horten,,post@tannhelsehuset.as,https://tannhelsehuset.as,Flere pasienter til Tannhelsehuset – gratis oppstartsmåned,ready
Korvetten Tannklinikk,Brevik,,post@korvettentannklinikk.no,https://korvetten-tannklinikk.no,Fyll kalenderen hos Korvetten Tannklinikk – gratis oppstartsmåned,ready
Tannklinikken Nansetgata,Larvik,,post@tannlegecato.no,https://tannklinikkennansetgata.no,Flere pasienter til Tannklinikken Nansetgata – gratis oppstartsmåned,ready
STORBYEN TANNKLINIKK Karianne Borgmo MNTF,Sarpsborg,,post@bytannlegen.no,https://storbyentannklinikk.no,Flere pasienter til STORBYEN TANNKLINIKK Karianne Borgmo MNTF – gratis oppstartsmåned,ready
Bellevue Tannhelse,Nøtterøy,,tannlegen@staco.no,https://bellevuetannhelse.no,Flere timebestillinger til Bellevue Tannhelse – gratis oppstartsmåned,ready
Sentrum Tannklinikk,Larvik,,post@sentrumtannklinikk.no,https://sentrumtannklinikk.no,Flere timebestillinger til Sentrum Tannklinikk – gratis oppstartsmåned,ready
Tannlege Bjørn Line,Vestskogen,,post@notteroytannhelse.no,https://notteroytannhelse.no,Flere timebestillinger til Tannlege Bjørn Line – gratis oppstartsmåned,ready
Vear Tannlegekontor,Vear,,veartann@gmail.com,https://veartannlegekontor.no,Fyll kalenderen hos Vear Tannlegekontor – gratis oppstartsmåned,ready
Tannlege Ane Landsverk Rolin,Sandefjord,,kontakt@tannlegenetorvet.no,https://tannlegenetorvet.no,Flere timebestillinger til Tannlege Ane Landsverk Rolin – gratis oppstartsmåned,ready
Tannstellet Toten,Lena,,post@tannstellet.no,https://tannstellet.no,Fyll kalenderen hos Tannstellet Toten – gratis oppstartsmåned,ready
Tannpleier Shokh Hiwa Jalal,Gamle fredrikstad,,post@tannlegeneivektergaarden.no,https://tannlegeneivektergaarden.no,Flere timebestillinger til Tannpleier Shokh Hiwa Jalal – gratis oppstartsmåned,ready
Brandbu Tannhelse,Brandbu,,post@brandbutannhelse.no,https://brandbutannhelse.no,Flere timebestillinger til Brandbu Tannhelse – gratis oppstartsmåned,ready
Nova Dental Tønsberg,Tønsberg,,tonsberg@nova-dental.no,https://www.nova-dental.no,Flere pasienter til Nova Dental Tønsberg – gratis oppstartsmåned,ready – agentrunde 2026-07-30
Tannlegene 1A,Tønsberg,,tannlegene1a@gmail.com,https://tannlegene1a.com,Flere pasienter til Tannlegene 1A – gratis oppstartsmåned,ready – agentrunde 2026-07-30
Tannlege Henning Myhre,Larvik,Henning,post@tannmyhre.no,http://www.tannlegehenningmyhre.com,Flere pasienter til Tannlege Henning Myhre – gratis oppstartsmåned,ready – agentrunde 2026-07-30
Løvetann Tannklinikk,Skien,,post@lovetann.org,https://www.lovetann.org,Flere pasienter til Løvetann Tannklinikk – gratis oppstartsmåned,ready – agentrunde 2026-07-30
Tannlege Jørn T. Pedersen,Notodden,Jørn,jorn.pedersen@online.no,,Flere pasienter til Tannlege Jørn T. Pedersen – gratis oppstartsmåned,ready – agentrunde 2026-07-30
Kragerøtannlegene,Kragerø,Marit,kragerotannlegene@kragerotannlegene.no,https://www.kragerotannlegene.no,Flere pasienter til Kragerøtannlegene – gratis oppstartsmåned,ready – agentrunde 2026-07-30
Sydsiden Tannhelsesenter,Halden,,post@tannlegeneberg.no,https://tannlegeneberg.no,Flere pasienter til Sydsiden Tannhelsesenter – gratis oppstartsmåned,ready – agentrunde 2026-07-30
DVI Tannklinikk,Fredrikstad,,dvitannklinikk@gmail.com,https://dvitannklinikk.no,Flere pasienter til DVI Tannklinikk – gratis oppstartsmåned,ready – agentrunde 2026-07-30
Tannhjørnet Krøgenes,Arendal,Anna,post@tannhjornet.no,https://tannhjornet.no,Flere pasienter til Tannhjørnet Krøgenes – gratis oppstartsmåned,ready
Fagerholt Tannlegesenter,Kristiansand,,kontakt@fagtann.no,https://fagtann.no,Flere timebestillinger til Fagerholt Tannlegesenter – gratis oppstartsmåned,ready
Prestestien Tannlegepraksis,Bergen,Kawa,,https://www.prestestientannlegepraksis.no,Flere pasienter til Prestestien Tannlegepraksis – gratis oppstartsmåned,email mangler – sjekk kontaktskjema
Knobel Atkinson Tannlegesenter,Vennesla,Solveig,post@knobelatkinson.no,https://knobelatkinson.no,Flere pasienter til Knobel Atkinson Tannlegesenter – gratis oppstartsmåned,ready
Tannklinikken i Dreggen,Bergen,,post@tannklinikken-as.no,https://www.tannklinikken-as.no,Flere pasienter til Tannklinikken i Dreggen – gratis oppstartsmåned,ready
Åsane Tannlegesenter,Åsane,,tannlege@asatann.com,https://asatann.no,Fyll kalenderen hos Åsane Tannlegesenter – gratis oppstartsmåned,ready
Sartor Tannlegesenter,Straume,,post@sartortannlegesenter.no,https://www.sartortannlegesenter.no,Flere timebestillinger til Sartor Tannlegesenter – gratis oppstartsmåned,ready
Knarvik Tannlegesenter,Knarvik,,firmapost@knarvik-tannlegesenter.no,https://www.knarvik-tannlegesenter.no,Flere pasienter til Knarvik Tannlegesenter – gratis oppstartsmåned,ready
Vågen Tannlegesenter,Bergen,Cecilie,cecilie@vaagentannlegesenter.no,https://vaagentannlegesenter.no,Fyll kalenderen hos Vågen Tannlegesenter – gratis oppstartsmåned,ready
Danmarksplass Tannlegesenter,Bergen,,post@danmarksplass-tannlegesenter.no,https://www.danmarksplass-tannlegesenter.no,Flere timebestillinger til Danmarksplass Tannlegesenter – gratis oppstartsmåned,ready
Voss Tannlegesenter,Voss,Toini,post@vosstannlegesenter.no,https://vosstannlegesenter.no,Flere pasienter til Voss Tannlegesenter – gratis oppstartsmåned,ready
Tannlege Martem,Nesttun,,post@tannlegemartem.no,https://www.tannlegemartem.no,Fyll kalenderen hos Tannlege Martem – gratis oppstartsmåned,ready
Laguneparken Tannklinikk,Rådal,,kontakt@laguneparkentannklinikk.no,https://laguneparkentannklinikk.no,Flere timebestillinger til Laguneparken Tannklinikk – gratis oppstartsmåned,ready
Fana Tannhelsesenter,Kokstad,Pål,pal.wergeland@fanatannhelsesenter.no,https://fanatannhelsesenter.no,Flere pasienter til Fana Tannhelsesenter – gratis oppstartsmåned,ready
Tanngarden Os,Os,,post@tanngarden.no,https://tanngarden.no,Fyll kalenderen hos Tanngarden – gratis oppstartsmåned,ready
Flåten Tannklinikk,Os,,post@flaatentannklinikk.no,https://www.flaatentannklinikk.no,Flere timebestillinger til Flåten Tannklinikk – gratis oppstartsmåned,ready
Hinna Tannlegesenter,Stavanger,,post@hinnatannlegesenter.no,https://hinnatannlegesenter.no,Flere pasienter til Hinna Tannlegesenter – gratis oppstartsmåned,ready
Forus Tannhelse,Stavanger,Tore,post@forustannhelse.no,https://www.forustannhelse.no,Fyll kalenderen hos Forus Tannhelse – gratis oppstartsmåned,ready
Tannhelsehuset Haugesund,Haugesund,,klinikk@tannhelsehuset.no,https://tannhelsehuset.no,Flere timebestillinger til Tannhelsehuset – gratis oppstartsmåned,ready
Spesialistklinikken Haugesund,Haugesund,,post@spesialistklinikken-haugesund.no,https://spesialistklinikken-haugesund.no,Flere pasienter til Spesialistklinikken Haugesund – gratis oppstartsmåned,ready
Tannlegene Larsen og Bøe,Stavanger,,post@tannlegenelarsenogboe.no,https://tannlegenelarsenogboe.no,Fyll kalenderen hos Tannlegene Larsen og Bøe – gratis oppstartsmåned,ready
Tannlegelaget,Sandnes,,post@tannlegelaget.no,https://tannlegelaget.no,Flere pasienter til Tannlegelaget – gratis oppstartsmåned,ready
Arkaden Tannhelse,Stavanger,,post@arkadentannhelse.no,https://www.arkadentannhelse.no,Fyll kalenderen hos Arkaden Tannhelse – gratis oppstartsmåned,ready
Omega Dental,Stavanger,André,tenner@tenner.no,https://www.omegadental.no,Flere timebestillinger til Omega Dental – gratis oppstartsmåned,ready
Tannadi,Sandnes,,tannlegen@tannadi.no,https://tannadi.no,Flere pasienter til Tannadi – gratis oppstartsmåned,ready
Storhaug Tannlegesenter,Stavanger,,storhaugtannlegesenter@gmail.com,https://storhaugtannlegesenter.no,Fyll kalenderen hos Storhaug Tannlegesenter – gratis oppstartsmåned,ready
Munnhulen Tannklinikk,Arendal,,arendal@munnhulen.no,https://munnhulen.no,Flere pasienter til Munnhulen Tannklinikk – gratis oppstartsmåned,ready – agentrunde 2026-07-30
OC Malmbryggen Tannklinikk,Arendal,Marit,hei@malmbryggen.no,https://octannklinikker.no/klinikker/oc-malmbryggen-tannklinikk,Fyll kalenderen hos Malmbryggen Tannklinikk – gratis oppstartsmåned,ready – agentrunde 2026-07-30 (OC-kjeden)
OC Dronningens Tannlegesenter,Kristiansand,,hei@dronningenstannlegesenter.no,https://octannklinikker.no/klinikker/oc-dronningens-tannlegesenter,Flere pasienter til Dronningens Tannlegesenter – gratis oppstartsmåned,ready – agentrunde 2026-07-30 (OC-kjeden)
OC Markens Tannlegesenter,Kristiansand,,hei@markenstannlegesenter.no,https://octannklinikker.no/klinikker/oc-markens-tannlegesenter,Flere timebestillinger til Markens Tannlegesenter – gratis oppstartsmåned,ready – agentrunde 2026-07-30 (OC-kjeden)
OC Gimle Tannhelsesenter,Kristiansand,,hei@gimletannhelsesenter.no,https://octannklinikker.no/klinikker/oc-gimle-tannhelsesenter,Fyll kalenderen hos Gimle Tannhelsesenter – gratis oppstartsmåned,ready – agentrunde 2026-07-30 (OC-kjeden)
OC Tannlegene i Gyldenløvesgate,Kristiansand,,hei@gyldentann.no,https://octannklinikker.no/klinikker/oc-tannlegene-i-gyldenlovesgate,Flere pasienter til Tannlegene i Gyldenløvesgate – gratis oppstartsmåned,ready – agentrunde 2026-07-30 (OC-kjeden)
Dentalklinikken Kristiansand,Kristiansand,,kristiansand@dentalklinikken.no,https://dentalklinikken.no/kristiansand,Flere timebestillinger til Dentalklinikken – gratis oppstartsmåned,ready – agentrunde 2026-07-30 (lokal gruppe: også Kvinesdal/Hovden/Rauland – send én)
Dental Norge,Kristiansand,,post@dentalnorge.no,https://dentalnorge.no,Flere pasienter til Dental Norge – gratis oppstartsmåned,ready – agentrunde 2026-07-30 (3 avd: Kristiansand/Grimstad/Sandnes – send én)
Agder Dental,Grimstad,,info@agderdental.no,https://agderdental.no,Fyll kalenderen hos Agder Dental – gratis oppstartsmåned,ready – agentrunde 2026-07-30
Tannlegen Lillesand,Lillesand,Marie,post@tannhelsesor.no,https://tannlegenlillesand.no,Flere pasienter til Tannlegen Lillesand – gratis oppstartsmåned,ready – agentrunde 2026-07-30 (Tannhelse Sør-gruppen)
Hunsøya Tannhelsesenter,Vennesla,,post@hunsoyatannhelse.no,https://hunsoyatannhelse.no,Flere timebestillinger til Hunsøya Tannhelsesenter – gratis oppstartsmåned,ready – agentrunde 2026-07-30
Tann Sør,Mandal,,post@tannsor.no,https://tannsor.no,Fyll kalenderen hos Tann Sør – gratis oppstartsmåned,ready – agentrunde 2026-07-30
Tannlegene på Brygga,Mandal,Per Arthur,tannlegene@bryggamandal.no,,Flere pasienter til Tannlegene på Brygga – gratis oppstartsmåned,ready – agentrunde 2026-07-30 (e-post fra 1881 – DL Per Arthur Myklebost)
Heilotannlegene,Sandnes,,post@heilotannlegene.no,https://heilotannlegene.no,Flere pasienter til Heilotannlegene – gratis oppstartsmåned,ready – agentrunde 2026-07-30 (avd. Sandnes + Kleppe)
Tannlegeloftet,Sandnes – Forus,Solveig,solveig@tannlegeloftet.no,https://tannlegeloftet.no,Flere timebestillinger til Tannlegeloftet – gratis oppstartsmåned,ready – agentrunde 2026-07-30
Jærtannlegene,Bryne,Heidi,post@jaertannlegene.no,https://jaertannlegene.no,Fyll kalenderen hos Jærtannlegene – gratis oppstartsmåned,ready – agentrunde 2026-07-30
Tannlegene Fiskå og Hallaråker,Åkrehamn (Karmøy),,post@tannlegefh.no,https://tannlegefh.no,Flere pasienter til Tannlegene Fiskå og Hallaråker – gratis oppstartsmåned,ready – agentrunde 2026-07-30
Tannlege Thomas Sørensen,Sauda,Thomas,tannlegethomas@gmail.com,https://tannlegethomas.no,Flere pasienter til din praksis – gratis oppstartsmåned,ready – agentrunde 2026-07-30
Tannlege Sindre Hauge Larsen,Haugesund,,post@tannhelsehusetbergen.no,https://tannhelsehusetbergen.no,Fyll kalenderen hos Tannlege Sindre Hauge Larsen – gratis oppstartsmåned,ready
Tannlege Bøthun,Sogndal,,tannlege@tannlegebothun.no,https://tannlegebothun.no,Flere timebestillinger til Tannlege Bøthun – gratis oppstartsmåned,ready
Sandsli Tannlegesenter,Sandsli,,tannlege@sandslitann.no,https://sandslitann.no,Flere pasienter til Sandsli Tannlegesenter – gratis oppstartsmåned,ready
Tannlege Bente Fjeldså Frostad,Eidsvåg i åsane,,post@tannlegefrostad.no,https://tannlegefrostad.no,Fyll kalenderen hos Tannlege Bente Fjeldså Frostad – gratis oppstartsmåned,ready
Sandviken Tannlegesenter,Bergen,,post@sandviken-tannlegesenter.no,https://sandviken-tannlegesenter.no,Flere timebestillinger til Sandviken Tannlegesenter – gratis oppstartsmåned,ready
Tasta Tannklinikk,Stavanger,,tastatannklinikk@gmail.com,https://tastatannklinikk.no,Flere pasienter til Tasta Tannklinikk – gratis oppstartsmåned,ready
Tannlege Maria Øren,Rådal,,timebestilling@lagunentannlege.no,https://lagunentannlege.no,Fyll kalenderen hos Tannlege Maria Øren – gratis oppstartsmåned,ready
Norheimsund Tannlegesenter,Norheimsund,,post@norheimsundtannlegesenter.no,https://norheimsundtannlegesenter.no,Flere timebestillinger til Norheimsund Tannlegesenter – gratis oppstartsmåned,ready
Tau Tannlegesenter,Tau,,tautannlegesenter@gmail.com,https://tautannlegesenter.no,Flere pasienter til Tau Tannlegesenter – gratis oppstartsmåned,ready
Gunhild Liavaag,Bergen,,hei@bgstannlegepraksis.no,https://octannklinikker.no,Flere pasienter til Gunhild Liavaag – gratis oppstartsmåned,ready
Tannlege Marit Langenes Danielsen,Godvik,,marit@tannlegedanielsen.no,https://tannlegedanielsen.no,Flere pasienter til Tannlege Marit Langenes Danielsen – gratis oppstartsmåned,ready
Luster Tannklinikk,Gaupne,,post@lustertannklinikk.no,https://lustertannklinikk.no,Flere pasienter til Luster Tannklinikk – gratis oppstartsmåned,ready
Holmedalen Tannlegesenter,Kleppestø,,holmedalen@tannlegesenter.as,https://holmedalentannlegesenter.no,Flere timebestillinger til Holmedalen Tannlegesenter – gratis oppstartsmåned,ready
Bergen Tannklinikk,Bergen,,arijana@bergentannklinikk.no,https://bergentannklinikk.no,Fyll kalenderen hos Bergen Tannklinikk – gratis oppstartsmåned,ready
Maxi Tannhelse,Sandnes,,post@maxitannhelse.no,https://maxitannhelse.no,Fyll kalenderen hos Maxi Tannhelse – gratis oppstartsmåned,ready
Baletann,Balestrand,,post@baletann.no,https://baletann.no,Flere timebestillinger til Baletann – gratis oppstartsmåned,ready
Gloppen Tannhelse,Sandane,,post@gloppentannhelse.no,https://gloppentannhelse.no,Flere timebestillinger til Gloppen Tannhelse – gratis oppstartsmåned,ready
Strandgaten Tannklinikk,Bergen,,post@strandgatentannklinikk.no,https://strandgatentannklinikk.no,Flere pasienter til Strandgaten Tannklinikk – gratis oppstartsmåned,ready
Lillesand Tannlegesenter,Lillesand,,post@lillesandtannlegesenter.no,https://lillesandtannlegesenter.no,Flere pasienter til Lillesand Tannlegesenter – gratis oppstartsmåned,ready
Skjold Tannlegesenter,Nesttun,,skjold@tannlegesenter.as,https://skjoldtannlegesenter.no,Fyll kalenderen hos Skjold Tannlegesenter – gratis oppstartsmåned,ready
Tannlege Ingrid Holberg Tangen,Kristiansand s,,post.tannlegesor@gmail.com,https://tannlegesor.no,Flere pasienter til Tannlege Ingrid Holberg Tangen – gratis oppstartsmåned,ready
Fonna Tannklinikk,Rosendal,,post@fonnatannklinikk.no,https://fonnatannklinikk.no,Fyll kalenderen hos Fonna Tannklinikk – gratis oppstartsmåned,ready
Konval Dental,Førde,,post@konval.no,https://konvaldental.no,Flere pasienter til Konval Dental – gratis oppstartsmåned,ready
Sørlandet Tannklinikk,Kristiansand s,,post@sorlandettannklinikk.no,https://sorlandettannklinikk.no,Flere pasienter til Sørlandet Tannklinikk – gratis oppstartsmåned,ready
Hygge Tannhelse,Hafrsfjord,,post@hyggetannhelse.no,https://hyggetannhelse.no,Flere timebestillinger til Hygge Tannhelse – gratis oppstartsmåned,ready
Bryggen Tannklinikk,Måløy,,post@bryggentannklinikk.no,https://bryggentannklinikk.no,Flere timebestillinger til Bryggen Tannklinikk – gratis oppstartsmåned,ready
Danmarksplass Tannhelsesenter,Bergen,,post@danmarksplass-tannhelsesenter.no,https://danmarksplass-tannhelsesenter.no,Fyll kalenderen hos Danmarksplass Tannhelsesenter – gratis oppstartsmåned,ready
Lyngdal Tannlegesenter,Lyngdal,,lindesnestann@gmail.com,https://lyngdal-tannlegesenter.no,Flere pasienter til Lyngdal Tannlegesenter – gratis oppstartsmåned,ready
Stavanger Tannregulering,Stavanger,,post@stavangertannregulering.no,https://stavangertannregulering.no,Fyll kalenderen hos Stavanger Tannregulering – gratis oppstartsmåned,ready
Sogndal Tannlegesenter,Sogndal,,post@sogndaltannlegesenter.no,https://sogndaltannlegesenter.no,Flere pasienter til Sogndal Tannlegesenter – gratis oppstartsmåned,ready
Skeiane Tannlegesenter,Sandnes,,resepsjon@visdommen.no,https://skeianetannlegesenter.no,Flere timebestillinger til Skeiane Tannlegesenter – gratis oppstartsmåned,ready
Viken Tannklinikk,Bergen,,hei@blisynlig.no,https://fredrikstadwebdesign.no,Flere timebestillinger til Viken Tannklinikk – gratis oppstartsmåned,ready
Arendal Tannklinikk,Arendal,,post@arendal-tannklinikk.no,https://arendal-tannklinikk.no,Flere pasienter til Arendal Tannklinikk – gratis oppstartsmåned,ready
Bykronen Dental,Stavanger,,post@bykronen-dental.no,https://bykronen-dental.no,Flere timebestillinger til Bykronen Dental – gratis oppstartsmåned,ready
Torgallmenning Tannleger,Bergen,,post@torgallmenningtannleger.no,https://torgallmenningtannleger.no,Fyll kalenderen hos Torgallmenning Tannleger – gratis oppstartsmåned,ready
Bergesen Tannhelseteam,Straume,,kontakt@bergesentannhelseteam.no,https://bergesentannhelseteam.no,Flere timebestillinger til Bergesen Tannhelseteam – gratis oppstartsmåned,ready
Sunnfjord Tannhelse,Førde,,resepsjon@sunnfjordtannhelse.no,https://sunnfjordtannhelse.no,Flere timebestillinger til Sunnfjord Tannhelse – gratis oppstartsmåned,ready
Tvedestrand Tannklinikk,Tvedestrand,,postmottak@agderfk.no,https://agderfk.no,Flere timebestillinger til Tvedestrand Tannklinikk – gratis oppstartsmåned,ready
Opitz Tannhelsesenter,Straume,,post@opitztannhelsesenter.no,https://opitztannhelsesenter.no,Fyll kalenderen hos Opitz Tannhelsesenter – gratis oppstartsmåned,ready
Tannlege Otto Førde,Mongstad,,ottoforde@gmail.com,https://mongstadtannlege.com,Flere pasienter til Tannlege Otto Førde – gratis oppstartsmåned,ready
Bergen Tannhelsesenter,Bergen,,post@ok-klinikken.no,https://bergen-tannhelsesenter.no,Flere timebestillinger til Bergen Tannhelsesenter – gratis oppstartsmåned,ready
Oc Tannklinikker AS Avd Iris Os,Os,,hei@iristannlegene.no,https://octannklinikker.no,Flere timebestillinger til Oc Tannklinikker AS Avd Iris Os – gratis oppstartsmåned,ready
Vakre Smil,Stavanger,,trine@vakresmil.no,https://vakresmil.no,Fyll kalenderen hos Vakre Smil – gratis oppstartsmåned,ready
Nodeland Tannlegesenter,Nodeland,,nodelandtannlegesenter@gmail.com,https://nodelandtannlegesenter.no,Flere timebestillinger til Nodeland Tannlegesenter – gratis oppstartsmåned,ready
Tannlege Cecilie Kongelf,Nesttun,,tannlege.kongelf@gmail.com,https://tannlegekongelf.no,Flere timebestillinger til Tannlege Cecilie Kongelf – gratis oppstartsmåned,ready
Nordstrand Tannlegesenter,Bergen,,post@nordstrandtannlegesenter.no,https://nordstrandtannlegesenter.no,Fyll kalenderen hos Nordstrand Tannlegesenter – gratis oppstartsmåned,ready
Smile Factory,Nesttun,,dimitrios.xenakis@gmail.com,https://smilefactory.no,Fyll kalenderen hos Smile Factory – gratis oppstartsmåned,ready
Tannlege Gunn Tove Jensen,Tananger,,post@tananger-tannlegene.no,https://tananger-tannlegene.no,Flere pasienter til Tannlege Gunn Tove Jensen – gratis oppstartsmåned,ready
Odda Tannlegesenter,Odda,,odda@tannlegesenter.as,https://oddatannlegesenter.no,Flere timebestillinger til Odda Tannlegesenter – gratis oppstartsmåned,ready
Sentrum Dental,Bergen,,post@sentrumdental.no,https://sentrumdental.no,Fyll kalenderen hos Sentrum Dental – gratis oppstartsmåned,ready
Langbryggen Tannklinikk,Arendal,,post@lbtk.no,https://langbryggentannklinikk.no,Flere timebestillinger til Langbryggen Tannklinikk – gratis oppstartsmåned,ready
Tannlege Justina Haukelid,Stavanger,,post@friskesmil.no,https://friskesmil.no,Flere pasienter til Tannlege Justina Haukelid – gratis oppstartsmåned,ready
Tannlege Helene Læknes,Sandnes,,fleslandtann@gmail.com,https://fleslandtannlege.no,Fyll kalenderen hos Tannlege Helene Læknes – gratis oppstartsmåned,ready
Lalita Ostadazim,Kvernaland,,post@tannlegesenter.no,https://tannlegesenter.as,Flere pasienter til Lalita Ostadazim – gratis oppstartsmåned,ready
Forus Tann- og Kjeveklinikk,Sandnes,,post@forustann.no,https://forustann.no,Flere timebestillinger til Forus Tann- og Kjeveklinikk – gratis oppstartsmåned,ready
Tannlege Siri Helstrup,Ølen,,post@kariogsiri.no,https://olentannhelse.no,Flere pasienter til Tannlege Siri Helstrup – gratis oppstartsmåned,ready
Emalje Tannklinikk,Førde,Marianne,post@emaljetannklinikk.no,https://www.emaljetannklinikk.no,Flere pasienter til Emalje Tannklinikk – gratis oppstartsmåned,ready – agentrunde 2026-07-30
Tannlegekontoret Heggernes/Lunde,Sande i Sunnfjord,,post@tannlegekontoret.net,https://tannlegekontoret.net,Flere pasienter til Tannlegekontoret Heggernes/Lunde – gratis oppstartsmåned,ready – agentrunde 2026-07-30
Daaeskogen Tannlegesenter,Ålesund,Sofie,post@moatann.no,https://www.daaeskogentannlegesenter.no,Flere pasienter til Daaeskogen Tannlegesenter – gratis oppstartsmåned,REPLIED 2026-07-22
Ty tannklinikk,Trondheim,,midtbyen@tytannklinikk.no,https://www.tytannklinikk.no,Flere pasienter til Ty tannklinikk – gratis oppstartsmåned,ready
Tanngarden Trondheim,Trondheim,,post@tann-garden.no,https://www.tann-garden.no,Fyll kalenderen hos Tanngarden – gratis oppstartsmåned,ready
Trondheimstannlegene,Trondheim,,post@trondheimstannlegene.no,https://www.trondheimstannlegene.no,Flere timebestillinger til Trondheimstannlegene – gratis oppstartsmåned,ready
Moholt Tannlegesenter,Trondheim,Linda,post@moholttannlegesenter.no,https://www.moholttannlege.no,Flere pasienter til Moholt Tannlegesenter – gratis oppstartsmåned,ready
Byåsen Tannhelse,Trondheim,Ellen,post@byaasentannhelse.no,https://www.byaasentannhelse.no,Fyll kalenderen hos Byåsen Tannhelse – gratis oppstartsmåned,ready
Heimdal Tannlegesenter,Heimdal,,post@heimdaltannlegesenter.no,https://heimdaltannlegesenter.no,Flere timebestillinger til Heimdal Tannlegesenter – gratis oppstartsmåned,ready
Tiller Tannhelse,Tiller,,post@tillertannhelse.no,https://www.tillertannhelse.no,Flere pasienter til Tiller Tannhelse – gratis oppstartsmåned,ready
Tannlegene Dullum,Stjørdal,,stjordal@tannlegenedullum.no,https://tannlegene-dullum.no,Fyll kalenderen hos Tannlegene Dullum – gratis oppstartsmåned,ready
Tannlege Steinkjer,Steinkjer,,post@tannlegesteinkjer.no,https://tannlegesteinkjer.no,Flere timebestillinger til Tannlege Steinkjer – gratis oppstartsmåned,ready
Trikanten Tannmakeri,Verdal,,info@tannmakeriet.no,https://www.tannmakeriet.no,Flere pasienter til Trikanten Tannmakeri – gratis oppstartsmåned,ready
Meierigården Tannklinikk,Levanger,,meierigardentannklinikk@gmail.com,https://meierigardentannklinikk.no,Fyll kalenderen hos Meierigården Tannklinikk – gratis oppstartsmåned,ready
Tannlege Alstad,Levanger,,mea@tannlege-alstad.no,https://www.tannlege-alstad.no,Flere timebestillinger til Tannlege Alstad – gratis oppstartsmåned,ready
Aksla Tannhelse,Ålesund,,hei@akslatannhelse.no,https://akslatannhelse.no,Fyll kalenderen hos Aksla Tannhelse – gratis oppstartsmåned,ready
Kjeveortoped Ingri Beddari,Ørsta,,post@kjeveortopeden.no,https://kjeveortopeden.no,Flere pasienter til Kjeveortoped Ingri Beddari – gratis oppstartsmåned,ready
Tannlegene i Myrabakken,Molde,,post@tannlegeneimyrabakken.no,https://tannlegeneimyrabakken.no,Flere pasienter til Tannlegene i Myrabakken – gratis oppstartsmåned,ready
Trondheim Tannlegesenter,Charlottenlund,,hei@trondheimtannlege.no,https://trondheimtannlege.no,Flere timebestillinger til Trondheim Tannlegesenter – gratis oppstartsmåned,ready
Langevåg Tannklinikk,Langevåg,,mail@demolink.org,https://langevaagtannklinikk.no,Flere timebestillinger til Langevåg Tannklinikk – gratis oppstartsmåned,ready
Sana Oris,Gurskøy,,post@sanaoris.no,https://sanaoris.no,Flere pasienter til Sana Oris – gratis oppstartsmåned,ready
Tannlegesenteret,Molde,,hei@tannlegesenteret.no,https://octannklinikker.no,Flere timebestillinger til Tannlegesenteret – gratis oppstartsmåned,ready
Tannlege Signe Marie Johansen,Verdal,,kjetilkroglund@gmail.com,https://verdal-tannhelsesenter.no,Fyll kalenderen hos Tannlege Signe Marie Johansen – gratis oppstartsmåned,ready
Tannlege Gorset,Oppdal,Åsmund,tannlege@gorset.no,https://tannlege.gorset.no,Flere pasienter til Tannlege Gorset – gratis oppstartsmåned,ready – trøndelagsrunde (eneste med CBCT mellom Trondheim og Lillehammer)
Tannlegene Øie,Namsos,Ola,post@tannlegeneoie.no,https://tannlegeoie.no,Flere pasienter til Tannlegene Øie – gratis oppstartsmåned,ready – trøndelagsrunde
Evident Tannlege Heimdal,Trondheim – Heimdal,,post@evident.no,https://evident.no,Fyll kalenderen hos Evident Tannlege – gratis oppstartsmåned,ready – trøndelagsrunde
Lade Tannhelsesenter,Trondheim – Lade,,resepsjon@ladetannhelsesenter.no,https://ladetannhelsesenter.no,Synlighet på akutt-søk for Lade Tannhelsesenter – gratis oppstartsmåned,ready – trøndelagsrunde (vakttelefon kvelder/helger)
Tannlegene på Persaunet,Trondheim – Persaunet,,post@tannpp.no,https://tannlegenepaapersaunet.no,Flere pasienter til Tannlegene på Persaunet – gratis oppstartsmåned,ready – trøndelagsrunde
Tannlege Aasgaard,Overhalla,,post@tannlegeaasgaard.no,https://tannlegeaasgaard.no,Flere timebestillinger til Tannlege Aasgaard – gratis oppstartsmåned,ready
Tannlege Einar Hals,Elnesvågen,,tannlegeeinarhals@gmail.com,https://tannlegeeinarhals.no,Flere pasienter til Tannlege Einar Hals – gratis oppstartsmåned,ready
Tannlege Nilminie Rathnayake,Trondheim,,post@bakketannlegekontor.no,https://bakketannlegekontor.no,Fyll kalenderen hos Tannlege Nilminie Rathnayake – gratis oppstartsmåned,ready
Roseby Tannlegesenter,Molde,,post@rosebytannlegesenter.no,https://rosebytannlegesenter.no,Flere pasienter til Roseby Tannlegesenter – gratis oppstartsmåned,ready
Bryggen Tannhelsesenter,Vestnes,,post@bryggentannhelsesenter.no,https://bryggentannhelsesenter.no,Fyll kalenderen hos Bryggen Tannhelsesenter – gratis oppstartsmåned,ready
Sykkylven Tannklinikk,Sykkylven,,sykkylventannklinikk@syktann.no,https://sykkylventannklinikk.no,Flere timebestillinger til Sykkylven Tannklinikk – gratis oppstartsmåned,ready
Spjelkavik Tannlegesenter,Ålesund,,post@spjelkaviktannlegesenter.no,https://spjelkaviktannlegesenter.no,Fyll kalenderen hos Spjelkavik Tannlegesenter – gratis oppstartsmåned,ready
Volda Tannklinikk,Volda,,post@voldatannklinikk.no,https://voldatannklinikk.no,Flere pasienter til Volda Tannklinikk – gratis oppstartsmåned,ready
Sjøfronten Tannklinikk,Molde,,post@sjofronten-tannklinikk.no,https://sjofronten-tannklinikk.no,Fyll kalenderen hos Sjøfronten Tannklinikk – gratis oppstartsmåned,ready
Tannhelselaget,Ørsta,,tannhelselaget@msn.com,https://tannhelselaget.no,Flere pasienter til Tannhelselaget – gratis oppstartsmåned,ready
Ørsta Tannhelsesenter,Ørsta,,post@orstatannhelsesenter.no,https://orstatannhelsesenter.no,Flere pasienter til Ørsta Tannhelsesenter – gratis oppstartsmåned,ready
Herøy Tannlegesenter,Fosnavåg,,post@heroytann.no,https://heroytann.no,Fyll kalenderen hos Herøy Tannlegesenter – gratis oppstartsmåned,ready
Søndre Tannhelse,Stjørdal,,sondre.tannhelse@gmail.com,https://sondretannhelse.no,Flere pasienter til Søndre Tannhelse – gratis oppstartsmåned,ready
Tannboden Brønnøysund,Brønnøysund,,brs@tannboden.no,https://tannboden.no,Flere timebestillinger til Tannboden Brønnøysund – gratis oppstartsmåned,ready
Løvenvold Tannlegesenter,Ålesund,,post@lovenvoldtannlegesenter.no,https://lovenvoldtannlege.no,Flere pasienter til Løvenvold Tannlegesenter – gratis oppstartsmåned,ready – agentrunde 2026-07-30
Blindheim Tannlegesenter,Ålesund,,post@blindheimtann.no,https://www.blindheimtannlegesenter.no,Flere pasienter til Blindheim Tannlegesenter – gratis oppstartsmåned,ready – agentrunde 2026-07-30
Korsegata Tannhelse,Ålesund,,kontakt@korsegata.no,https://korsegata.no,Flere pasienter til Korsegata Tannhelse – gratis oppstartsmåned,ready – agentrunde 2026-07-30
Kipervika Tannklinikk,Ålesund,Trond,post@kipervika.no,https://www.kipervikatannklinikk.com,Flere pasienter til Kipervika Tannklinikk – gratis oppstartsmåned,ready – agentrunde 2026-07-30
Molde Tannbehandling,Molde,,post@moldetannbehandling.no,https://moldetannbehandling.no,Flere pasienter til Molde Tannbehandling – gratis oppstartsmåned,ready – agentrunde 2026-07-30
Tannlegene Hurlen,Molde,Bjørn,bjorn@ingenhull.no,https://ingenhull.no,Flere pasienter til Tannlegene Hurlen – gratis oppstartsmåned,ready – agentrunde 2026-07-30
Stranda Tannlegesenter,Stranda,,post@strandatannlegesenter.no,https://www.strandatannlegesenter.no,Flere pasienter til Stranda Tannlegesenter – gratis oppstartsmåned,ready – agentrunde 2026-07-30
Jekta Tannklinikk,Tromsø,,post@jektatannklinikk.no,https://jektatannklinikk.no,Fyll kalenderen hos Jekta Tannklinikk – gratis oppstartsmåned,ready
Tromsø Tannlegesenter,Tromsø,,post@tannlegesenteret-tromso.no,https://tannlegesenteret-tromso.no,Flere pasienter til Tromsø Tannlegesenter – gratis oppstartsmåned,ready
Strandtorget Tannklinikk,Tromsø,,post@sttk.no,https://strandtorgettannklinikk.no,Flere timebestillinger til Strandtorget Tannklinikk – gratis oppstartsmåned,ready
Opalia Tannklinikk,Tromsø,,tromso@opalia.no,https://opalia.no,Fyll kalenderen hos Opalia Tannklinikk – gratis oppstartsmåned,ready
Tromsø Tannkirurgi og Narkosesenter,Tromsø,,post@ttkns.no,https://ttkns.no,Flere pasienter til Tromsø Tannkirurgi og Narkosesenter – gratis oppstartsmåned,ready
Bodø Tannlegesenter,Bodø,,post@bodotannlegesenter.no,https://bodotannlegesenter.no,Flere pasienter til Bodø Tannlegesenter – gratis oppstartsmåned,ready
Sandgata Tannklinikk,Bodø,,post@sandgata-tannklinikk.no,https://www.sandgata-tannklinikk.no,Fyll kalenderen hos Sandgata Tannklinikk – gratis oppstartsmåned,ready
City Nord Tannhelse,Bodø,,post@citynordtannhelse.no,https://citynordtannhelse.no,Flere timebestillinger til City Nord Tannhelse – gratis oppstartsmåned,ready
Sentrum Tannklinikk Harstad,Harstad,,post@tennerisentrum.no,https://www.tannlegeharstad.no,Flere pasienter til Sentrum Tannklinikk Harstad – gratis oppstartsmåned,ready
Harstad Tannhelsesenter,Harstad,,post@harstadtannhelsesenter.no,https://www.harstadtannhelsesenter.no,Fyll kalenderen hos Harstad Tannhelsesenter – gratis oppstartsmåned,ready
Torvet Tannklinikk,Narvik,,torvet.tannklinikk@gmail.com,https://www.torvet-tannklinikk.no,Flere timebestillinger til Torvet Tannklinikk – gratis oppstartsmåned,ready
Hoff Petersen Tannhelse,Mosjøen,,post@hpth.no,https://www.hpth.no,Flere pasienter til Hoff Petersen Tannhelse – gratis oppstartsmåned,ready
Nordøya Tannklinikk,Tromsø,,postmottak@tromsfylke.no,https://tromsfylke.no,Flere timebestillinger til Nordøya Tannklinikk – gratis oppstartsmåned,ready
Tannhelse Finnsnes,Finnsnes,,tannwerner@outlook.com,https://tannhelsefinnsnes.no,Flere timebestillinger til Tannhelse Finnsnes – gratis oppstartsmåned,ready
Asbjørn Jokstad,Tromsø,,asbjorn.jokstad@uit.no,https://jokstad.net,Flere pasienter til Asbjørn Jokstad – gratis oppstartsmåned,ready
Toppen Tannlegesenter,Mo i rana,,post@toppentannlegesenter.no,https://toppentannlegesenter.no,Fyll kalenderen hos Toppen Tannlegesenter – gratis oppstartsmåned,ready
Den Mobile Tannklinikk,Hammerfest,,post@denmobiletannklinikk.no,https://denmobiletannklinikk.no,Flere pasienter til Den Mobile Tannklinikk – gratis oppstartsmåned,ready
Torgsenteret Tannklinikk,Lakselv,,time@torgsenterettannklinikk.no,https://torgsenterettannklinikk.no,Fyll kalenderen hos Torgsenteret Tannklinikk – gratis oppstartsmåned,ready
Calma Tannklinikk,Harstad,,post@calmaklinikken.no,https://calmatannklinikk.no,Flere timebestillinger til Calma Tannklinikk – gratis oppstartsmåned,ready
Focus Dental,Mo i rana,,post@focusdental.no,https://focusdental.no,Flere timebestillinger til Focus Dental – gratis oppstartsmåned,ready
Kjeveortoped Alst,Bodø,,post@alst.no,https://alst.no,Flere pasienter til Kjeveortoped Alst – gratis oppstartsmåned,ready
Kongsbakken Tannklinikk,Tromsø,,post@kbtann.no,https://kongsbakkentannklinikk.no,Flere pasienter til Kongsbakken Tannklinikk – gratis oppstartsmåned,ready
Fokustannlegene,Tromsø,,fokustannlegene@gmail.com,https://fokustannlegene.no,Flere pasienter til Fokustannlegene – gratis oppstartsmåned,ready
Klinikk Sollie,Sortland,,post@klinikksollie.no,https://klinikksollie.no,Flere timebestillinger til Klinikk Sollie – gratis oppstartsmåned,ready
Daldorff Tannhelseklinikk,Kirkenes,,post@tannlege-daldorff.no,https://tannlege-daldorff.no,Flere pasienter til Daldorff Tannhelseklinikk – gratis oppstartsmåned,ready – agentrunde 2026-07-30
Sentrum Tannklinikk Alta,Alta,,tannklinikks@gmail.com,https://www.sentrum-tannklinikk.com,Flere pasienter til Sentrum Tannklinikk Alta – gratis oppstartsmåned,ready – agentrunde 2026-07-30
Haugen Tannklinikk,Hammerfest,,post@haugentannklinikk.no,https://haugentannklinikk.no,Flere pasienter til Haugen Tannklinikk – gratis oppstartsmåned,ready – agentrunde 2026-07-30
Tanntorget Svolvær,Svolvær,,post@tannlegelofoten.no,https://tannlegelofoten.no,Flere pasienter til Tanntorget Svolvær – gratis oppstartsmåned,ready – agentrunde 2026-07-30
Tadri Leknes,Leknes,,leknes@tadri.no,http://www.tadri.no,Flere pasienter til Tadri Leknes – gratis oppstartsmåned,ready – agentrunde 2026-07-30
Vesterålen Tannhelse,Sortland,Rune,post@vesteralentannhelse.no,https://vesteralentannhelse.no,Flere pasienter til Vesterålen Tannhelse – gratis oppstartsmåned,ready – agentrunde 2026-07-30
Sentrumstannlegene,Tromsø,,sentrumstannlegene@gmail.com,,Flere pasienter til Sentrumstannlegene – gratis oppstartsmåned,ready – agentrunde 2026-07-30
Tannlege Åge Kanstad,Finnsnes,Åge,kanstad.a@gmail.com,,Flere pasienter til Tannlege Åge Kanstad – gratis oppstartsmåned,ready – agentrunde 2026-07-30
Tannlege Bente Willassen,Mosjøen,Bente,tannlege@willassen.nhn.no,,Flere pasienter til Tannlege Bente Willassen – gratis oppstartsmåned,ready – agentrunde 2026-07-30
