name,orgnr,form,ansatte,nace,website,email
RENT RENHOLDSTJENESTER AS,994311344,AS,736,81.210,rent.no,post@rent.no
RA HOSPITALITY OSLO AS,914563569,AS,693,81.210,rahospitality.no,info@rahospitality.no
COOR SERVICE MANAGEMENT AS,983219721,AS,578,81.210,www.coor.no,firmapost@coor.com
LIVING CLEAN RENHOLD AS,997963164,AS,375,81.210,www.livingclean.no,kontakt@livingclean.no
NORDN AS,987704918,AS,305,81.210,www.2clean.no,post@2clean.no
CITYMAID HJEMMESERVICE AS,948283697,AS,262,81.210,citymaid.no,kundeservice@citymaid.no
TRIPPEL BEDRIFTSSERVICE AS,981275985,AS,232,81.210,www.trippelbs.no,post@trippelbs.no
FRESKA NORWAY AS,916035659,AS,166,81.210,www.freska.no,post@freska.no
EUROMILJØ RENT AS,911790211,AS,129,81.210,heltopplagt.no,post@heltopplagt.no
REN SERVICE AS,987066628,AS,122,81.210,www.renservice.no,post@renservice.no
EUROX RENHOLD AS,998576636,AS,111,81.210,www.euroxrenhold.no,post@eurox.no
CLEAN UNIT RENHOLD AS,895215902,AS,97,81.210,cleanunit.no,renhold@cleanunit.no
RENHOLD SENTER AS,827410012,AS,76,81.210,renholdsenter.no,post@renholdsenter.no
KAN RENHOLD OSLO AS,977040892,AS,75,81.210,www.kanrenhold.no,nikoleta@kanrenhold.no
JUST RENHOLD AS,919930535,AS,69,81.210,www.justrenhold.no,drift@justrenhold.no
RENE TRAPPER AS,989269631,AS,68,81.210,renetrapper.no,kontakt@renetrapper.no
BJERKE EIENDOMSSERVICE AS,985847487,AS,54,81.210,www.bjerkerenhold.no,kundeservice@bjerkeeiendomsservice.no
CENTRUM VINDUSPUSS & RENGJØRINGSBYRÅ AS,911022346,AS,54,81.210,www.centrum.as,post@centrum.as
AURORA RENHOLD AS,913169573,AS,53,81.210,www.aurorarenhold.no,post@aurorarenhold.no
SPOTLESS RENHOLD AS,933725685,AS,50,81.210,spotlessrenhold.no,post@spotlessrenhold.no
RENHOLDSCOMPAGNIET AS,999543103,AS,47,81.210,www.renholdscompagniet.no,faktura@renholdscompagniet.no
RENHOLDSSYSTEMER AS,995879107,AS,47,81.210,renholdssystemer.no,kontakt@renholdssystemer.no
FALKEN RENHOLD AS,978651526,AS,46,81.210,falkenrenhold.no,firma@falkenrenhold.no
PARTNEREN AS,997929284,AS,43,81.210,partneren.no,post@partneren.no
RYDJE RENHOLD OSLO/AKERSHUS AS,998066034,AS,41,81.210,rydje-renhold.no,roar@rydje-renhold.no
RENT BORD RENHOLDSSERVICE AS,832175242,AS,40,81.210,rentbord.no,kontakt@rentbord.no
CLEAN-START AS,997178068,AS,39,81.210,www.clean-start.no,post@clean-start.no
NOVA SERVICE AS,927081644,AS,38,81.210,novaservice.no,info@novaservice.no
CLEANIT AS,982463157,AS,33,81.210,www.cleanit.no,post@cleanit.no
HAVFRUEN RENHOLD AS,989519506,AS,31,81.210,havfruenrenhold.no,post@havfruenrenhold.no
ACO RENGJØRING AS,999137504,AS,30,81.210,acorengjoring.no,al@acorengjoring.no
MASTER RENHOLD & VAKTMESTER SERVICE AS,821505712,AS,27,81.210,www.masterrenhold.no,post@masterrenhold.no
VASKELADDEN AS,930307416,AS,27,81.210,www.vaskeladden.no,kundeservice@vaskeladden.no
COMPLETE CLEANING AS,921642024,AS,26,81.210,completecleaning.no,post@completecleaning.no
CLEANBEE AS,931133349,AS,24,81.210,cleanbee.no,nea@cleanbee.no
RENE ROM AS,985217114,AS,23,81.210,www.renerom.no,kontakt@renerom.no
TIVETA RENHOLD AS,920899374,AS,23,81.210,tiveta.no,post@tiveta.no
MAXIMUM SERVICE AS,987639938,AS,22,81.210,maximumservice.no,info@maximumservice.no
QUALIFIED RENHOLD AS,912661776,AS,22,81.210,www.qualifiedrenhold.no,post@qualifiedrenhold.no
MELISA RENHOLDSSERVICE AS,992445971,AS,21,81.210,melisarenhold.no,post@melisarenhold.no
RENTHUS AS,919365552,AS,21,81.210,,renthusas@outlook.com
SIMONE-RENHOLD AS,932611708,AS,20,81.210,simone.as,gabriel@simone.as
NEAS FASADE AS,921852320,AS,19,81.220,neasfasade.no,lph@neasfasade.no
BAKERI OG RESTAURANTRENHOLD AS,924351330,AS,18,81.210,bakerirenhold.no,jj@bakerirenhold.no
NORPOL RENHOLD AS,918760644,AS,18,81.210,norpolrenhold.no,post@norpolrenhold.no
SOLID DRIFT AS,993745707,AS,17,81.210,www.soliddrift.no,post@soliddrift.no
OSLO FASADEVASK AS,915186467,AS,15,81.220,www.oslofasadevask.no,post@oslofasadevask.no
FRISK SERVICE AS,997627504,AS,14,81.210,www.friskservice.no,post@friskservice.no
RENHOLDSFIRMAET AS,931759493,AS,14,81.210,www.renholdsfirmaet.no,info@renholdsfirmaet.no
LISA ULTRA VEDLIKEHOLD AS,999079512,AS,14,81.210,luv-as.no,luv-as@hotmail.no
BK DRIFT AS,818866402,AS,13,81.210,bkdrift.no,post@bkdrift.no
GREFSEN RENHOLDSSERVICE AS,964923086,AS,12,81.210,grefsen-renhold.no,post@grefsen-renhold.no
KONGE RENGJØRING AS,987002735,AS,12,81.210,kongerengjoring.no,post@kongerengjoring.no
XPERT RENHOLD AS,916633734,AS,12,81.210,xpertrenhold.no,post@xpertrenhold.no
ASKA SERVICES AS,917994021,AS,11,81.210,www.askaservices.no,post@askaservices.no
CHRISTIANIA FLYTT & VASK AS,830352562,AS,11,81.210,christianiavask.no,kundeservice@christianiavask.no
RENHOLDS TEAM AS,922674469,AS,10,81.210,renholdsteam.no,renholdsteam@gmail.com
RENHOLDSEKSPERTENE AS,912850447,AS,10,81.210,renholdsekspertene.no,kontakt@renholdekspertene.no
SPEILRENT AS,935120721,AS,10,81.210,speilrent.no,post@speilrent.no
ØKO-RENT STABELL RENHOLD & VEDLIKEHOLD,983409911,ENK,10,81.210,,post@okorent.no
BYVASK DRIFT FJELLTVEIT,982674034,ENK,9,81.220,byvask.no,post@byvask.no
MAJORSTUEN RENS OG RENHOLD AS,994911074,AS,9,81.210,rensogrenhold.no,post@rensogrenhold.no
MG MULTISERVICE AS,932744457,AS,9,81.210,mgmultiservice.no,info@mgmultiservice.no
RENVASKING AS,932542994,AS,9,81.210,renvasking.no,gosia@renvasking.no
TEAMCLEAN AS,976583019,AS,9,81.210,teamclean.no,geir@teamclean.no
AF RENHOLD AS,933789365,AS,8,81.210,,agata.isabela@hotmail.com
OSLO BUD O REN AS,898579042,AS,7,81.210,www.budoren.no,post@budoren.no
BENDIKAS TJENESTER AS,925127507,AS,7,81.210,,ingrida.bendikiene@gmail.com
BØTTEBALLETTEN AS,932750481,AS,7,81.210,,post@botteballetten.com
ELEGANCE RENHOLD AS,925159948,AS,7,81.210,,thivakary@icloud.com
NORDN GRUPPEN AS,919931108,AS,7,81.210,2group.no,post@2group.no
TOTAL TJENESTE AS,929668014,AS,7,81.210,totaltjeneste.no,post@totaltjeneste.no
PUST VENTILASJON AS,933470725,AS,7,81.220,pustventilasjon.no,info@pustventilasjon.no
NORDA RENHOLD AS,989301543,AS,6,81.210,www.nordarenhold.no,mail@norda-renhold.no
EFFISERVICE AS,916821883,AS,6,81.210,www.clicke.no,post@effiservice.no
FLORI RENHOLD AS,913102673,AS,6,81.210,,florjana5@hotmail.de
PROFF RENHOLD1 AS,921187173,AS,6,81.210,proffrenhold1.no,info@proffrenhold1.no
VEI & FASADE AS,928873641,AS,6,81.220,veiogfasade.no,dag@veiogfasade.no
STOPP TAGGING AS,987377348,AS,5,81.220,www.stopptagging.no,vidar@graffi.no
ANKA RENHOLD AS,932359995,AS,5,81.210,ankarenhold.no,post@ankarenhold.no
CLEANNORDIC AS,936442420,AS,5,81.210,cleannordic.no,post@cleannordic.no
OSLO BYGG OG BOLIGSERVICE AS,946063029,AS,5,81.210,obbs.no,post@obbs.no
TITAN SERVICE AS,981131452,AS,5,81.210,titan.no,post@titan.no
VERMA RENHOLD AS,931266942,AS,5,81.210,vermarenhold.com,hei@vermarenhold.com
NORSK VENTILASJONS RENHOLD AS,977193915,AS,5,81.220,www.nvr.as,post@nvr.as
CITYCLEAN Kulasegaram,989947710,ENK,0,81.210,www.cityclean.no,mail@cityclean.no
DIN NABO RENHOLD OG DRIFT AS,987404213,AS,0,81.210,www.renhold1.no,post@renhold1.no
FLYN AS,936645216,AS,0,81.210,flyn.no,info@flyn.no
FLYTTEVASK OSLO NUF,914354579,NUF,0,81.210,www.flyttevask-oslo.no,info@flyttevask-oslo.no
MACINN SAGAYATHASAN,986404015,ENK,0,81.210,www.macinn.no,post@macinn.no
MAXIRENT AS,971229896,AS,0,81.210,www.maxirent.no,post@maxirent.no
NOVACLEAN AS,929437942,AS,0,81.210,www.novaclean.no,post@bankrupt.no
OLIVIA RENHOLD ROSZYK,926383191,ENK,0,81.210,www.oliviarenhold.no,post@oliviarenhold.no
REN HUB AS,926886452,AS,0,81.210,www.renhub.no,post@renhub.no
SERVICEPARTNEREN AS,926368222,AS,0,81.210,www.servicepartneren.no,kontakt@servicepartneren.no
RENFAS AS,935362903,AS,0,81.220,www.renfas.no,post@renfas.no
ISS FACILITY SERVICES AS,914791723,AS,7482,81.210,,
4SERVICE EIR RENHOLD AS,917719993,AS,3908,81.210,,
CARES WORKPLACE SERVICES AS,932144336,AS,671,81.210,www.sodexo.no,
ISS SERVICE MANAGEMENT AS,931620207,AS,543,81.210,,
EVAT AS,927695863,AS,349,81.210,,
POLYGON AS,915229115,AS,349,81.220,www.polygongroup.no,
HVASS AS,886938772,AS,293,81.210,,
ISS MANAGEMENT AS,992097841,AS,85,81.210,,
TRYGG RENHOLD AS STOR-OSLO,923291628,AS,70,81.210,,
FLYTTEVASK AS,929611381,AS,61,81.210,,
ELSA VEDLIKEHOLD AS,927410516,AS,39,81.210,,
RYDJE RENHOLD HEDMARK/OPPLAND AS,998066182,AS,35,81.210,,
LYKKE MARIT AS,934615654,AS,34,81.210,www.lykkehjemme.no,
OSLO RENHOLDSTJENESTER AS,933787109,AS,30,81.210,,
UNICORN HOSPITALITY GROUP AS,820640802,AS,29,81.210,,
CLEAN HOUSE AS,917994102,AS,24,81.210,,
ABSOLUTT RENT AS,933001466,AS,23,81.210,,
AQUA RENHOLD AS,979897529,AS,23,81.210,www.aqua.renhold.no,
PRIMA RENHOLD AS,984867700,AS,23,81.210,www.primarenhold.no,
MILJØ RENHOLDSTJENESTER AS,998916755,AS,22,81.210,,
FORTRINN DRIFT AS,827050032,AS,21,81.210,,
RENOFIX AS,987931574,AS,21,81.210,renofix.no,
1 OSLO RENHOLDSSERVICE AS,929032470,AS,19,81.210,,
FASILITETSTJENESTEN AS,917592675,AS,17,81.210,,
SWEDAA RENHOLD V/ Srithanabalasingam,985467242,ENK,17,81.210,,
EKORN RENHOLD AS,932388634,AS,16,81.210,,
MOPP AS,931204688,AS,16,81.210,,
RENCONOR AS,999327605,AS,16,81.210,www.renconor.no,
SK-SERVICE OSLO AS,928766454,AS,16,81.210,,
SOLID EIENDOMSDRIFT AS,926419471,AS,16,81.210,,
ATR CLEANING SERVICES AS,920711294,AS,14,81.210,,
DIAMOND RENHOLD AS,992946091,AS,14,81.210,,
GOD RENHOLD SERVICE AS,912510735,AS,13,81.210,,
HJØRNET FIRMA SERVICE AS,916195990,AS,12,81.210,,
JK MULTISERVICE AS,933036766,AS,12,81.210,,
OSLO RENHOLDSKOMPANI ACM AS,998523990,AS,12,81.210,,
MR MALIK RENHOLDSSERVICE AS,981882571,AS,11,81.210,,
SKY FACILITY DRIFT AS,930893307,AS,11,81.210,,
VESTKANT RENHOLD FARHAN,930978949,ENK,11,81.210,,
CREAMAN AS,919185597,AS,10,81.210,creaman.no,
EURO CLEAN AS,999313752,AS,10,81.210,,
OSLO SERVICE PARTNER AS,934643240,AS,10,81.210,,
REN TJENESTE AS,933334481,AS,10,81.210,rentjeneste.no,
KOMPLETT SERVICE PARTNER AS,998823927,AS,9,81.210,,
KVALITET-RENHOLD AS,929984994,AS,9,81.210,,
NORD2 CHELCEA,926704079,ENK,9,81.210,,
NORSK SERVICE DRIFT AS,969074818,AS,9,81.210,norsk-vask.no,
SERVICE-FOLK AS,930460958,AS,9,81.210,,
T.B. RENHOLD AS,922699364,AS,9,81.210,,
RE-FRESH SERVICES AS,918297715,AS,9,81.220,re-fresh.no,
ABSOLUTT RENGJØRING AS,986191763,AS,8,81.210,,
BRILANT AS,936227791,AS,8,81.210,,
CLEAN TEAM RENHOLD AS,993784486,AS,8,81.210,,
PLAN MULTISERVICE AS,931406434,AS,8,81.210,,
TURAN RENHOLD AS,932891034,AS,8,81.210,,
NIWI MILJØTILTAK AS,964280592,AS,8,81.220,niwi.no,
BLOMSTERTORGET OSLO AS,833393472,AS,7,81.210,,
G&P SERVICE AS,998880750,AS,7,81.210,,
HIMLA RENT RENHOLD AS,936979785,AS,7,81.210,,
MER VEDLIKEHOLD AS,937464460,AS,7,81.210,,
MILI RENHOLD AS,923032290,AS,7,81.210,,
RENPRO AS,819970602,AS,7,81.210,renhold.shop,
TOP RENHOLD AS,997892674,AS,7,81.210,,
BLOMSTER RENHOLD AS,929478444,AS,6,81.210,,
BLU RENHOLD AS,928483940,AS,6,81.210,,
MANNSKAP AS,921284527,AS,6,81.210,,
MK RENHOLD UP AS,932731614,AS,6,81.210,,
NORDIC FM GROUP AS,932134594,AS,6,81.210,,
POWER PLAY AS,996872106,AS,6,81.210,,
PSS PROFESSIONAL SERVICE SOLUTION AS,914141672,AS,6,81.210,,
RENHOLD ENGROS AS,919072989,AS,6,81.210,www.renholdengros.no,
VASKEHJELP CINDERELLA AS,935079810,AS,6,81.210,,
ALFA FASADE AS,925378577,AS,6,81.220,,
BARE RENHOLD SERVICE AS,918398341,AS,5,81.210,,
ECO RENHOLD AS,916530226,AS,5,81.210,www.ecorenhold.no,
FUICA MULTISERVICE AS,992237988,AS,5,81.210,,
JT SERVICE JUSTYNA TRACZYK,918933700,ENK,5,81.210,,
KLAR RENHOLD AS,935747945,AS,5,81.210,,
KLAVS,931361449,ENK,5,81.210,,
LORENHOLD AS,924584203,AS,5,81.210,limpio.cleaning,
NIRO SERVICE ALT INNEN RENHOLD AS,913857968,AS,5,81.210,,
NORSK RENHOLD AS,935540623,AS,5,81.210,,
RENHOLDSKOMPANIET AS,931954024,AS,5,81.210,renholdskompaniet.no,
1 TOUCH 5 STARS PISULA,926688405,ENK,0,81.210,,
2FAST2CLEAN VINCENZO GIUSEPPE ZAPPALA,912741443,ENK,0,81.210,,
A NASTITI,835096432,ENK,0,81.210,,
A SZYCHOWSKA TJENESTER,919021438,ENK,0,81.210,,
A-RENHOLD BOSNJAKOVIC,921421095,ENK,0,81.210,,
A18 RENHOLD SERVICES SANDRA TORO CALDONO,933759040,ENK,0,81.210,,
AB MJÄLLBY MÅLNING & BL V/PWC SKATTERÅDGIVERE AS,996350533,NUF,0,81.210,,
AB TEAM RENHOLD SERVICE AGNIESZKA JOHNSEN,914930987,ENK,0,81.210,,
ABBI RENHOLD ABDERRAHIM MOUNJI,997137663,ENK,0,81.210,,
ABDIRAHMAN YABAROW,924540567,ENK,0,81.210,,
ABEDIY VASKEHJELPEREN,934436032,ENK,0,81.210,,
ABROAD PROPERTY CARE SERVICES ARAUJO DA CONCEICAO,931087495,ENK,0,81.210,,
ACHIVE QUALITY MOHAMED CLEANING,937662157,ENK,0,81.210,,
ACTRA - FRAM RENHOLD V/HIRSCH INNGÅR I DØDSBO,985175179,ENK,0,81.210,www.actra.no,
ADAM RENHOLD PETER CHR ADAMSEN,970481699,ENK,0,81.210,,
ADEEL BABAR,995745623,ENK,0,81.210,,
ADHIKARI XYZ,934875826,ENK,0,81.210,,
ADMINEXPERT MIERZYNSKA,995297809,ENK,0,81.210,,
ADRIEN FENYVESI',924926961,ENK,0,81.210,,
AE RENHOLD Alexandrina Andreica Alina,996460827,ENK,0,81.210,,
AEM SERVICE AS,918414924,AS,0,81.210,,
AF RENGJØRING ANS,950085894,ANS,0,81.210,,
AG RENHOLD ANDREICA STELIANA ANDREA,998309182,ENK,0,81.210,,
AGA RENGJØRING AGNIESZKA SOLECKA,815463552,ENK,0,81.210,,
AGA RENHOLD STEPIEN,931013718,ENK,0,81.210,,
AGAFITEI ELENA,926635638,ENK,0,81.210,,
AGATA'S RENHOLD Agata Broclawska,887667802,ENK,0,81.210,,
AGNES-RENHOLD AGNIESZKA MICHALINA BOGUTA,919934956,ENK,0,81.210,,
AGUIAR,932559528,ENK,0,81.210,,
AHMED BOUTALISS,927223279,ENK,0,81.210,,
AJ CAMASURA RENHOLD,927654237,ENK,0,81.210,,
AKTIV RENHOLD OG OPPUSSING DA,990810184,DA,0,81.210,,
AKTIVE-RENHOLDSTJENESTER AS,932397978,AS,0,81.210,,
AL-ALI OMAR,933899314,ENK,0,81.210,,
AL-SOWADI GOLDEN,837022002,ENK,0,81.210,,
ALB RENHOLD AS,936863345,AS,0,81.210,,
ALBERSKA JOLANTA MARIA,815512782,ENK,0,81.210,,
ALCINA RENHOLD ALCINA MARIA PACHECO DE VASCONCELOS,897854422,ENK,0,81.210,,
ALCOR AS KONKURSBO,937265743,KBO,0,81.210,,
ALDUJAILI LUXE RENHOLD,937770804,ENK,0,81.210,,
ALDW OSLO SERVICE,936022456,ENK,0,81.210,,
ALEKSANDRA ABRAMIUK,930309370,ENK,0,81.210,,
ALEKSANDRA UZDOWSKA RENHOLDSSELSKAP,915044905,ENK,0,81.210,,
ALF HANSEN RENHOLDSERVICE,870132492,ENK,0,81.210,,
ALFA GMBH,937443315,NUF,0,81.210,,
ALI LAMIA RENHOLD,999204570,ENK,0,81.210,,
ALL RENHOLD AS,936294588,AS,0,81.210,,
ALLE ELSKER RENHOLD GRINDVIK,936946968,ENK,0,81.210,,
ALMAR JARCZAK,817631312,ENK,0,81.210,,
ALONSO MULTISERVICES JARA GUTIERREZ,935393221,ENK,0,81.210,,
ALSALAMA VASKEHJELP .NO,934035291,ENK,0,81.210,,
ALSHAWA VEDLIKEHOLD OG VASK,931137786,ENK,0,81.210,,
ALSHEIKHO MULTI SERVICE,933993507,ENK,0,81.210,,
ALTINI RENHOLD AS,931215221,AS,0,81.210,,
ALTURA CLEAN SERVICES OLMOS PARRA,915286933,ENK,0,81.210,,
AMALIE RENHOLD OG VEDLIKEHOLD HANNE C NILSEN OG ARNE DAHLSENG DA,983936997,DA,0,81.210,,
AMANDA HELLING,833184172,ENK,0,81.210,,
AMLAK FRISKSTART SERVICE,934478223,ENK,0,81.210,,
AMMAR BADIE HAMMOUD,925858196,ENK,0,81.210,,
ANANDA RENHOLD,928082008,ENK,0,81.210,,
ANCA LISIEVICI,926925601,ENK,0,81.210,,
ANCAN SERVICE Anders Nilsson,960266633,ENK,0,81.210,,
ANDRESEN ESTER RUDE,970135782,ENK,0,81.210,,
ANDRESEN GUNNAR ROGER,970385452,ENK,0,81.210,,
ANGEL LØVLIE HOUSE CLEANING SERVICE,934826752,ENK,0,81.210,,
ANGELIKA BARANEK RENHOLD,916093713,ENK,0,81.210,,
ANGELIKA TOMCZYK,924575786,ENK,0,81.210,,
ANGELIKA ZIELINSKA,912107132,ENK,0,81.210,,
ANGIE MAE DOSDOS BASUBAS,934189140,ENK,0,81.210,,
ANIDER - ALT I ETT ANGEL MANUEL ANIORTE SELVA,922999171,ENK,0,81.210,,
ANKE STUDIO,937713886,ENK,0,81.210,,
ANNA KRAWCZYK,998835666,ENK,0,81.210,,
ANNA RENHOLD Anna Sawiczuk-Siemaszko,992627735,ENK,0,81.210,,
ANNA RENHOLD Anna Wiechcinska,993361534,ENK,0,81.210,,
ANNA ZOFIA MACHLEWSKA,911748800,ENK,0,81.210,,
ANNAKSERVICE ZANETA ANNA KUPKA,999059163,ENK,0,81.210,,
ANNAS RENHOLD ANNA TOMASZEWSKA - KOTYRA,925100110,ENK,0,81.210,,
ANNE ELISABETHS RENHOLD Anne E Preus,976983203,ENK,0,81.210,,
ANTHONIPILLAI WILSON,933766896,ENK,0,81.210,,
AO RENGJØRINGS- OG VEDLIKEHOLDSSENTRALEN OIVA JARVA,911811898,ENK,0,81.210,,
AP RENHOLD PLEWA,918653783,ENK,0,81.210,,
APEXX AS KONKURSBO,936626033,KBO,0,81.210,,
APURE AS,936269125,AS,0,81.210,,
AR RENHOLD Raveendranathan,989453645,ENK,0,81.210,,
ARANDIA SERVICE & VEDLIKEHOLD DA,988483346,DA,0,81.210,,
ARJOLA JUSHI,936150799,ENK,0,81.210,,
ARMANI SERVICE,990488347,ENK,0,81.210,,
ARNE BERGESEN RENHOLDSSERVICE,970293159,ENK,0,81.210,,
ARNE KILDALS MULTISERVICE ARNE KILDAL,892015422,ENK,0,81.210,,
ARNE WILSGÅRD RENHOLD,970132112,ENK,0,81.210,,
ARSLAN UTVASK,927971755,ENK,0,81.210,,
ARYAL TARAPATI,930680060,ENK,0,81.210,,
ASHOK REDDY KAKUTURU,912074587,ENK,0,81.210,,
ASSAF HOLDING AS,921694059,AS,0,81.210,,
ASTER ALLSIDIG,934781821,ENK,0,81.210,,
ASTRID SERVICES ALINA MARIN,924579773,ENK,0,81.210,,
ATELIER ESTETIC BY MARAS,931012487,ENK,0,81.210,,
ATH VEDLIKEHOLD AS,922196125,AS,0,81.210,,
ATLAS HANDEL AS,926827278,AS,0,81.210,,
ATTIA VASKE PLANET,935238676,ENK,0,81.210,,
AUGUSTO,933811182,ENK,0,81.210,,
AUGUSTO PERFECT TOUCH,935287332,ENK,0,81.210,,
AURDALS VINDUSVASK OG RENHOLD,914228778,ENK,0,81.210,,
AYNI CORCHUELO ARIAS,933107663,ENK,0,81.210,,
BADA VEDLIKEHOLD,931967525,ENK,0,81.210,,
BALAGESAN RENHOLD Balagesan Balasubramaniam,994709798,ENK,0,81.210,,
BANOVA RENHOLD,927603950,ENK,0,81.210,,
BARBARA RENHOLD BARBARA AGNIESZKA KUBRAK,915982212,ENK,0,81.210,,
BARTOLO STAR BRIGHT CLEANING SERVICES,929913191,ENK,0,81.210,,
BARYALAY MOHAMEDI,926687085,ENK,0,81.210,,
BAYASGALAN TSERENJAV,927634376,ENK,0,81.210,,
BB BYGG & RENHOLD BOLESTA,828882902,ENK,0,81.210,,
BEATA MAJCHER,820996372,ENK,0,81.210,,
BEATA RENHOLD CHUDAK,925179841,ENK,0,81.210,,
BEATA ZAMOROWSKA & PARTNERS,925753335,ENK,0,81.210,,
BECLA DOROTHEA,918160159,ENK,0,81.210,,
BECLEAN. MILJUKOVA,925467960,ENK,0,81.210,,
BELLA-IN RENHOLD  Pilawska,994212842,ENK,0,81.210,,
BENSAAD SERVICE,936080448,ENK,0,81.210,,
BERGERSEN MOE INVEST AS,912755525,AS,0,81.210,,
BERNICE YAMOAH,924555408,ENK,0,81.210,,
BESSON AS,923739017,AS,0,81.210,,
BEST RENHOLD KATE AS,937201370,AS,0,81.210,,
BEST RENHOLD PAULINA MUSIAL,913761863,ENK,0,81.210,,
BEST SERVICE GALIK,918377190,ENK,0,81.210,,
BEST.NO AS,914288851,AS,0,81.210,,
BIBERS IBRAHIM,926663496,ENK,0,81.210,,
BIDRO,935380510,ENK,0,81.210,,
BINKIEWICZ RENTHUS,925164801,ENK,0,81.210,,
BIRHANE RENHOLD,994518046,ENK,0,81.210,,
BISLETT RENHOLD SALLAT,925975850,ENK,0,81.210,,
BITANYE RENHOLD,937919158,ENK,0,81.210,,
BJERKE RENHOLDSTJENESTER AS,912192768,AS,0,81.210,,
BJØRG RUSÅNES,986963766,ENK,0,81.210,,
BK RENHOLD,932956411,ENK,0,81.210,,
BLINCO SERVICES,927637383,ENK,0,81.210,,
BLÅ RENHOLD HYJEK,929389727,ENK,0,81.210,,
BM ROGALA-LACKOWSKA,999656382,ENK,0,81.210,,
BNSERVICE BALAMURALI NAVARATNARAJAH,918281002,ENK,0,81.210,,
BOAKYE-ACHEAMPONG RENHOLD,928633578,ENK,0,81.210,,
BOATWASHER NORGE DA,987098791,DA,0,81.210,,
BOBLE GUTTA KOZANLI,933553558,ENK,0,81.210,,
BOBULA CLEANING,929478908,ENK,0,81.210,,
BOCZON MAGIC WAND,930271667,ENK,0,81.210,,
BODEA CLEAN,923635211,ENK,0,81.210,,
BOROWIECKACLEAN AGNIESZKA ZAMOJSKA-BOROWIECKA,915178502,ENK,0,81.210,,
"BOSS HOLDENS, CHUKWU",916004028,ENK,0,81.210,,
BRUNA ALEXANDRA PEREIRA CABRAL,926040987,ENK,0,81.210,,
BS EVEREST AS,828763342,AS,0,81.210,,
BUBBLELAB RENHOLD RIZVI,936996663,ENK,0,81.210,,
BUILD & SHINE Rataj,988305030,ENK,0,81.210,,
BULDAK RENHOLD,935217148,ENK,0,81.210,,
BW PIOR,918067566,ENK,0,81.210,,
BYGG OG RENHOLD CIBOROWSKA,932841479,ENK,0,81.210,,
BÆRRENGJØRING KAMINSKA,921740670,ENK,0,81.210,,
BØLER RENHOLD DA,998914957,DA,0,81.210,,
BØTTEBALLETTEN BENTE LANGBAKK,970146806,ENK,0,81.210,,
C&G SERVICE LETELIER CONTARDO,936670601,ENK,0,81.210,,
CABALLERO RENHOLD,925804215,ENK,0,81.210,,
CAD RENHOLD V NESJEM,922579008,ENK,0,81.210,,
CALIMLIM BPA OG RENGJØRING,995752662,ENK,0,81.210,,
CALIN'S HAGESERVICE OG RENHOLD,994706802,ENK,0,81.210,,
CALLING THE KLUT - Marco Alves,896576682,ENK,0,81.210,,
CANO,830821112,ENK,0,81.210,,
CAPITOL III AS,915856322,AS,0,81.210,,
CARLOS M CARLOS HUMBERTO MUNOZ RAMIREZ,996709299,ENK,0,81.210,,
CARLOS MOJENA FERRER,931681613,ENK,0,81.210,,
CASTILLE ATLANTIC INC. NUF,936227945,NUF,0,81.210,,
CHARIE BADA SERVICES,926608134,ENK,0,81.210,,
CHEIKH SALL DERE,922092451,ENK,0,81.210,,
CHINONSO JOY OBIKE,929243463,ENK,0,81.210,,
CHODAK RENHOLD,936125476,ENK,0,81.210,,
CHOI RENHOLD,935093511,ENK,0,81.210,,
CHRISTENSEN TOTALITY CLEANING & SERVICE,935888034,ENK,0,81.210,,
CHRISTI KNUDSEN CONSULTING,922014264,ENK,0,81.210,,
CHRISTIANIA RENHOLD OSLO CENDRIM DASI,921323980,ENK,0,81.210,www.christianiarenhold.no,
CHRZANOWSKA CLEANING,932827352,ENK,0,81.210,,
CHUQUI RENHOLD ANGELICA LOPEZ GUERRERO,821474442,ENK,0,81.210,,
CIDE RENHOLD SAID EL HAJOUI,919585595,ENK,0,81.210,,
CIESLEWICZ RENHOLD,916706979,ENK,0,81.210,,
CINDERELLA RENHOLD AS KONKURSBO,934977130,KBO,0,81.210,,
CINDERELLA RENHOLD KACZOROWSKA,916687001,ENK,0,81.210,,
CINICIENTA KOSAKOWSKA,920920187,ENK,0,81.210,,
CISSE ROKI RENHOLD,934645723,ENK,0,81.210,,
CITY RENHOLD AS,927856107,AS,0,81.210,,
CITY SERVICE EKICI,937032196,ENK,0,81.210,,
CJ RENHOLD OG HJEMMEHJELP SERVICE DA,814781712,DA,0,81.210,,
CLAUDIA PLASZCZAK RENHOLD,924698047,ENK,0,81.210,,
CLEAN DAV&KAM RYSZKOWSKA,922617902,ENK,0,81.210,,
CLEAN FOR YOU MALGORZATA TOMASIUK,922533660,ENK,0,81.210,,
CLEAN HOLDING AS,893776702,AS,0,81.210,,
CLEAN HOUSE MARZENA WYDRZYNSKA,999134017,ENK,0,81.210,,
CLEAN LIVING JOR GONZALES,929956664,ENK,0,81.210,,
CLEAN-TECH DA,955921429,DA,0,81.210,,
CLEAN&SHINE EWELINA LASKOWSKA,932717492,ENK,0,81.210,,
CLEAN4YOU EWA KRAWCZYNSKA,925214310,ENK,0,81.210,,
CLEANBLUE LØVLAND,937075537,ENK,0,81.210,,
CLEANCO EIE AS,921186533,AS,0,81.210,,
CLEANERR PETER,928532313,ENK,0,81.210,,
CLEANING MASTER MARTA BARBARA CHLEBEK,823002092,ENK,0,81.210,,
CLEANNOR AS,828690132,AS,0,81.210,,
CLEANPOL Kipiela,990501831,ENK,0,81.210,,
CLEANX AS,934390199,AS,0,81.210,,
CLEAR CHOICE MAGDALENA DI TELLA,934394461,ENK,0,81.210,,
CLEVERCLEANER ZMUDA,934886992,ENK,0,81.210,,
CLYRON AS TVANGSAVVIKLINGSBO,936317863,KBO,0,81.210,,
CMD FACILITY SERVICES AS,937477759,AS,0,81.210,,
COLIC EINDOMSSERVICE,925608335,ENK,0,81.210,,
COMPLETE RENHOLD AS,828113682,AS,0,81.210,,
CONSILTI SARIC,934143043,ENK,0,81.210,,
CORDOBA DEL CASTILLO ABEL,932416980,ENK,0,81.210,,
COSMA FOR CLEAN,930883085,ENK,0,81.210,,
COSMA VASKEHJELP,932515164,ENK,0,81.210,,
COSTA FACILITY AZDAD,977388724,ENK,0,81.210,,
CRV SERVICES AS,922328900,AS,0,81.210,,
CVANCAROVÁ HJEMME,928126080,ENK,0,81.210,,
CZUPRZYNSKA RENHOLD,929855922,ENK,0,81.210,,
D. FRANKOWSKA RENHOLD,995943611,ENK,0,81.210,,
D&D VISTUNG,920845142,ENK,0,81.210,,
DAGHARI VASK,936926940,ENK,0,81.210,,
DAGLIG RENHOLD1 EDYTA MARIA STRZABALA,914939909,ENK,0,81.210,,
DAHL KOMMERS,935545870,ENK,0,81.210,,
DAIKATANA S.R.O. NUF,995580713,NUF,0,81.210,,
DAN-ÅKE MATTSSON RENHOLDSSERVICE,970145265,ENK,0,81.210,,
DANBRIGHT Salman Said,992216417,ENK,0,81.210,,
DANGUOLE DOMEIKIENE,913932536,ENK,0,81.210,,
DANIEL HANSEN VASK OG SERVICE,934325214,ENK,0,81.210,,
DANIEL WITEK TJENESTER,935476348,ENK,0,81.210,,
DANRENHOLD DANUTA REBIS,997657233,ENK,0,81.210,,
DANSCO RENHOLD BYRÅD Daniel Gyimah,982817927,ENK,0,81.210,,
DANVASK Danguole Ginotiene,992571349,ENK,0,81.210,,
DARDANUS AS,832760722,AS,0,81.210,,
DARIA SLAWKOWSKA RENHOLD,995005077,ENK,0,81.210,,
DAVITA RANCH VITA DAHL,924463481,ENK,0,81.210,,
DENIZE CLEANING SERVISS,926445898,ENK,0,81.210,,
DET NORSKE RENHOLDSBYRÅ AS,987844981,AS,0,81.210,,
DIAMANT RENS AS,931801473,AS,0,81.210,,
DIAMANT-SERVICE JASKULSKA,921372876,ENK,0,81.210,,
DIAMANTE STOR-RE RUBS RENGJØRING,925665118,ENK,0,81.210,,
DIAMANTEN RENHOLD STOR-RE,925697397,ENK,0,81.210,,
DIANA JANKOWSKA,920644244,ENK,0,81.210,,
DILEN CONSULT,929735161,ENK,0,81.210,,
DIN FLYTT OG VASK AS,924917148,AS,0,81.210,,
DIRT AND DUST CLEANING COMPANY FELIZA KETOLAINEN,920271723,ENK,0,81.210,,
DITT RENHOLD ALENA KUDEJOVA,996105512,ENK,0,81.210,www.dittrenhold.no,
DJELLOULI RENHOLD,913962206,ENK,0,81.210,,
DM KRAFT AS,931532111,AS,0,81.210,,
DM-HOME DOROTA JAKUBIEC,913062817,ENK,0,81.210,,
DMD RENHOLD LTD. NUF,993285498,NUF,0,81.210,,
DMW RENNHOLD WISAM ABED-ALSAMAD MOHAMMAD AL-MWAZNY,915377483,ENK,0,81.210,,
DOJ CLEANING SERVICES JUVY PATANG NTAHIRAJA,919187891,ENK,0,81.210,,
DORA-NOV NOWOSZ,930757160,ENK,0,81.210,,
DOROTA HALINA SZABELAN,997963970,ENK,0,81.210,,
DOTTI RENHOLD DOROTA WOZNIAK,925142549,ENK,0,81.210,,
DR RENHOLD DEVI RANJNA,936337716,ENK,0,81.210,,
DRAGOMIROVA RENHOLD,933007502,ENK,0,81.210,,
DRAMMEN RENHOLD FARHAN,998326796,ENK,0,81.210,,
DRIFT 24/7 AS,918440739,AS,0,81.210,,
DRIFT OG VEDLIKEHOLD WISNIEWSKA,934772741,ENK,0,81.210,,
DRIFT PARTNER AS,934657543,AS,0,81.210,,
DRONNINGEN DRIFT AS,926484087,AS,0,81.210,,
DSL CITY SERVÍCE JAVIER OROZCO QUEZADA,928961907,ENK,0,81.210,,
DU-DA KLAR AS,929712013,AS,0,81.210,,
DUDUIANU CLEANING,937887833,ENK,0,81.210,,
DUNIS SERVICE,932088177,ENK,0,81.210,,
DØDSBOHJELPEN AS,929971426,AS,0,81.210,,
DAA VAS AGYEI SERVICES,936058957,ENK,0,81.210,,
E.T RENHOLD EDYTA TOPORKIEWICZ,915797598,ENK,0,81.210,,
E&E RENHOLD MALISZEWSKA,922627576,ENK,0,81.210,,
EASY RENHOLD Ichie Nwokedi,994180401,ENK,0,81.210,,
"ECO RENHOLD, ANETA GREDUSZ",997626370,ENK,0,81.210,,
ECOGLANS RENGJØRING ALJALLAD,926541048,ENK,0,81.210,,
EDUARDO SOTO NUMURA,994753398,ENK,0,81.210,,
EDVARD SIGMUNDSTAD,931115219,ENK,0,81.210,,
EDWARD COKREL,937233647,ENK,0,81.210,,
EDWIN IDEHEN,911990873,ENK,0,81.210,,
EFEKTIVO RENHOLD KAMARAUSKIENE,924486767,ENK,0,81.210,,
EFFEKTIV RENGJØRING - ALINA KATARZYNA WICIJOWSKA,994399934,ENK,0,81.210,,
EFFEKTIV RENGJØRING OSLO ANS,985058962,ANS,0,81.210,,
EFFEKTIV RENHOLD AS,926681222,AS,0,81.210,,
EFFEKTIV RENHOLD MONIKA MALAK AS,914907330,AS,0,81.210,,
EFFEKTIV RENHOLD NUF,986568107,NUF,0,81.210,,
EGGEN RENHOLD,825910522,ENK,0,81.210,,
EILERT NYHUUS AS,959317372,AS,0,81.210,,
EKO KONTRIMAITE RENHOLD,933077403,ENK,0,81.210,,
EKSPERT RENHOLD MARTA MALGORZATA STRZABALA,918019243,ENK,0,81.210,,
EKSTREMT RENT FEJZI,929469119,ENK,0,81.210,,
ELA RENHOLD ELZBIETA IWONA POREBA,922999120,ENK,0,81.210,,
ELENA SERVICE - SEMJONOVA,930309702,ENK,0,81.210,,
ELIS KJØKKENET ELIDA FINOLIS PONCE QUINONEZ,923001042,ENK,0,81.210,,
ELREMEHI RENHOLD,938075174,ENK,0,81.210,,
ELYRA AS,936380395,AS,0,81.210,,
ELZBIETA FOLGA,923349340,ENK,0,81.210,,
EMMANUEL GUMBO,934404076,ENK,0,81.210,,
EMO RENHOLDER AS TVANGSAVVIKLINGSBO,937858159,KBO,0,81.210,,
EN RENERE HVERDAG AS,922136793,AS,0,81.210,,
ENBERGET RENHOLD,930923672,ENK,0,81.210,,
ENKHTSETSEG SARA DAGVARAGCHAA,919717408,ENK,0,81.210,,
ENSJØ VASK & VEDLIKEHOLD ABDUSJEKUR ISENI,997666178,ENK,0,81.210,,
EP OVERFLATE TEKNIKK AS,917442347,AS,0,81.210,,
ERGAPON RENT ANS RENGJØRINGSFIRMA,957921558,ANS,0,81.210,,
ERICK KIGGUNDU,989981242,ENK,0,81.210,,
ERIKSEN SERVICE,926327968,ENK,0,81.210,,
ERKIN PAZILOV,930991716,ENK,0,81.210,,
ERRORFLOW V/ BRANDTH-HOPE,936377939,ENK,0,81.210,,
ESAM EVIJA SAMULE,921433638,ENK,0,81.210,,
ESENGYUL NEDZHATIN,935379490,ENK,0,81.210,,
ESTHER ROHDE STÆRK,933704394,ENK,0,81.210,,
ET PETTERSEN,931357069,ENK,0,81.210,,
EVE LUX RENHOLD EWA KAPS,916243499,ENK,0,81.210,,
EVERCLEAN SERVICES V/SKORA,924805196,ENK,0,81.210,,
EVEREST RENHOLD SERVICE ROSA ANA PIEDRA SULCA,921231776,ENK,0,81.210,,
EVERTE REN,932715988,ENK,0,81.210,,
EVROS RENHOLD EVANGELOS STANGOPOULOS,918952217,ENK,0,81.210,,
EWA ENG,988420700,ENK,0,81.210,,
EWA FOREMNIAK SERVICE,927869667,ENK,0,81.210,,
EXOUSIA CLEANING SERVICE DAVID,937945892,ENK,0,81.210,,
EYAFA'A PUREFJORDCLEAN,936408117,ENK,0,81.210,,
F SURA LOPEZ,931998714,ENK,0,81.210,,
F.R. SKAARA,924585129,ENK,0,81.210,,
FABROS RENHOLD,991283714,ENK,0,81.210,,
FADUMA ABDIRISAQ SERVICE,934992504,ENK,0,81.210,,
FAINA ANDERSEN,925895318,ENK,0,81.210,,
FE SERVICE REDOL NEIRA,936324010,ENK,0,81.210,,
FEJZULAI RENHOLD,836055462,ENK,0,81.210,,
FINNSISU RENHOLD DA,881105772,DA,0,81.210,,
FIT CUPCAKE KONIK,928496570,ENK,0,81.210,,
FIX RENHOLD OSLO AS,927210010,AS,0,81.210,,
FIXER JENSEN,935812445,ENK,0,81.210,,
FJELDSBØ CLEANING,930748692,ENK,0,81.210,,
FJORD VASK PAULINA MAJ,925382906,ENK,0,81.210,,
FJORD VASK SPACZYNSKA,925364274,ENK,0,81.210,,
FLASH BAK,932951789,ENK,0,81.210,,
FLORENCIA NICOLLE FUNES,928271412,ENK,0,81.210,,
FLORENTINA SHALA,990298165,ENK,0,81.210,,
FLOTT RENGJØRING TIN AZERI,930990655,ENK,0,81.210,,
FLYTTEVASK -GRUNERLØKKA AS,931912348,AS,0,81.210,,
FLYTTEVASK OSLO OG OMEGN NASSIMA HEMAZ,920981097,ENK,0,81.210,www.oslosflyttevask.no,
FLYTTEVASKSENTRAL AS,821257972,AS,0,81.210,,
FM RENS OG RENHOLD ØZDEMIR,925547964,ENK,0,81.210,,
FOSSUM RENHOLDSSERVICE HOKSTAD,834814862,ENK,0,81.210,,
FOX RENHOLD AS,934307291,AS,0,81.210,,
FRACZEK VASK,934014103,ENK,0,81.210,,
FRANK SØNDERGAARD RENHOLD OG SERVICE AS,920244874,AS,0,81.210,,
FREDRIC RENHOLDSSERVICE FREDRIC GILL,830055622,ENK,0,81.210,,
FREDS VASKEHJELP,929235150,ENK,0,81.210,,
FRESH OBI,828848402,ENK,0,81.210,,
FURUSET SR RENHOLD SRITHAR THAMPIRAJAH,993963690,ENK,0,81.210,,
G/S VASK OG RENS AS,916367910,AS,0,81.210,,
GABI JOANNA KOSICKA,915963919,ENK,0,81.210,,
GADTOULA POUDEL,931212044,ENK,0,81.210,,
GAGA KRZYSZTOF GATZ,831388382,ENK,0,81.210,,
GAJA PROFF AS,918816593,AS,0,81.210,,
GALA & KARL INVEST DA,884575672,DA,0,81.210,,
GALA RENHOLD SERVICE AS,917678855,AS,0,81.210,,
GALEANO CM,930011061,ENK,0,81.210,,
GASIOROWSKA RENHOLD,930184284,ENK,0,81.210,,
GCA SERVICE AS,822361722,AS,0,81.210,,
GEIR WILHELMSEN,927114860,ENK,0,81.210,,
GEIR-ANDERS HAUGEN,914788463,ENK,0,81.210,,
GETULIO JUNQUEIRA VIEGAS FILHO,936180671,ENK,0,81.210,,
GHASEMI RENHOLD,938159149,ENK,0,81.210,,
GHEMSCHI NORDIC CLEAN,938086117,ENK,0,81.210,,
GIOVANNA JORDA,928526569,ENK,0,81.210,,
GJANA SOLUTIONS,937272723,ENK,0,81.210,,
GLANSPRO THON,836933532,ENK,0,81.210,,
GLANSS GERCZAK,920357687,ENK,0,81.210,,
GLOBAL RENHOLD SERGIO HERNAN VALENZUELA LEAL,922931356,ENK,0,81.210,,
GLUC RENHOLD,920868223,ENK,0,81.210,,
GODTVASKET GULNARA ABLIEVA,995097729,ENK,0,81.210,,
GODWIN NWANKWO,928340228,ENK,0,81.210,,
GOLDEN ROCK RENHOLD GODDAY CIROMA OKOLIE,998436540,ENK,0,81.210,,
GONZALES AL,927195577,ENK,0,81.210,,
GOSHA STASINSKA,895118982,ENK,0,81.210,,
GOSIA MAGISK RENHOLD GONCIARZ,913324404,ENK,0,81.210,,
GOSIA RENHOLD SERVICE MALGORZATA BANIA,911936070,ENK,0,81.210,,
GRAZYNA RADKOWIAK VEL RADKOWSKA,915947573,ENK,0,81.210,,
GREEN & CLEAN BY VESELKOVA,916086563,ENK,0,81.210,,
GREEN CLEAN AS,928891437,AS,0,81.210,,
GREENLIFE KARAMI,935229081,ENK,0,81.210,,
GREGORY RENHOLD NAVARRETE GABRIELA SOLEDAD NAVARRETE ITURRIETA,920623018,ENK,0,81.210,,
GREI SKURING Helene Solberg,982605393,ENK,0,81.210,,
GRETA GAWLIK,991599711,ENK,0,81.210,,
GRIGORE,926925520,ENK,0,81.210,,
GRORUD RENHOLD V/ MASSOUDY,931126377,ENK,0,81.210,,
GRORUDDALEN RENHOLD AS,935111706,AS,0,81.210,,
GRØNNREN AS,935705878,AS,0,81.210,,
GRØNT VASK SKORYK,925996815,ENK,0,81.210,,
GTI RENHOLD GEIR TORGERSEN,939470433,ENK,0,81.210,,
GUDMUNDSDOTTIR RENHOLDSENTER,928747212,ENK,0,81.210,,
GULLHANSKER RENHOLD ELENA SHAMILEV,919772670,ENK,0,81.210,,
GULLMOPP DA,836959752,DA,0,81.210,,
GULVDOKTOR AS,961749913,AS,0,81.210,,
GURUNG CONSULT,929554027,ENK,0,81.210,,
H.A RENHOLD HAIDAR HUSSEIN,928984850,ENK,0,81.210,,
HABIBOULLAH RENHOLD MOHAMED MAHMOUD SIDI BRAHIM,999081851,ENK,0,81.210,,
HAGUNIA1300 ABDAL LAH NABOT,933032957,ENK,0,81.210,,
HAKAN PANDUL,990845115,ENK,0,81.210,,
HALINA LISZKA VASKEBYRÅ,919957875,ENK,0,81.210,,
HALLINGVASK AS,934531132,AS,0,81.210,,
HALLINGVASK SANDER ØYO,916971346,ENK,0,81.210,,
HANDYMAN MULTISERVICES EDIXON H LADINO AYALA,911851407,ENK,0,81.210,,
HANNA VIKARBYRÅ DA,984095473,DA,0,81.210,,
HANNAH DECENA RENHOLD,832958042,ENK,0,81.210,,
HANSEN EIENDOMSSERVICE,932343711,ENK,0,81.210,,
HANSSONS KVALITETSRENHOLD,998415187,ENK,0,81.210,,
HAPPY HELPERS AS,920652638,AS,0,81.210,,
HAPPY N AS,921076088,AS,0,81.210,,
HAPPY WORLD HEDJAZI,925734683,ENK,0,81.210,,
HARALD HØEGH PRIVAT,918994130,ENK,0,81.210,,
HASLE RENHOLD Asim Øzkurt,989369768,ENK,0,81.210,,
HATRA RENHOLD SIDATI NAFI AHMED,998635470,ENK,0,81.210,,
HAUG RENHOD ENTREPRENØR,936481000,ENK,0,81.210,,
HAUGENS BILSHINE,959963460,ENK,0,81.210,,
HAUGERUD RENHOLD Ardian Pavataj,990439230,ENK,0,81.210,,
HEAVY WEIGHT MILOSZ KASPRZYK,925004405,ENK,0,81.210,,
HEJRI SERVICEPARTNER,937769938,ENK,0,81.210,,
HELBLANK Zdzislawa Andruszkiewicz,988817473,ENK,0,81.210,,
HI RENHOLD HYCLAK,837261112,ENK,0,81.210,,
HILDE MERETE NIELSEN,935508657,ENK,0,81.210,,
HIMLA RENT RENHOLD EL HAIFOUF,935116759,ENK,0,81.210,,
HIRE RENHOLD WARSAMA AHMED MOHAMED,918760652,ENK,0,81.210,,
HJELP & RESURS FROUZAN AMIRYAR,923076182,ENK,0,81.210,,
HJELPE PIKENE MIKAJELA NILSEN,923666338,ENK,0,81.210,,
HJELPER DEG Smoktunowicz,995258137,ENK,0,81.210,,
HJEM RENHOLD STACHOWSKA,898511022,ENK,0,81.210,,
HJEMMETJENESTEN BRITT VON KROGH,914755719,ENK,0,81.210,,
HJEMMETS HJERTE CHAINSKA,935607019,ENK,0,81.210,,
HJERMANN VEDLIKEHOLD,917723826,ENK,0,81.210,,
HODA MOHAMMAD,930016101,ENK,0,81.210,,
HOGI TOTAL AS,929456394,AS,0,81.210,,
HOKUS FOKUS AS,934966635,AS,0,81.210,,
HOLMEN RENHOLD Kjell Kroken,985081301,ENK,0,81.210,,
HOLMLIA RENHOLD AS,828501402,AS,0,81.210,,
HOLMLIA RENHOLD KHAN,824679002,ENK,0,81.210,,
HOLTET RENGJØRING,920225292,ENK,0,81.210,,
HONEY GLOBAL CONCEPT,915558941,NUF,0,81.210,,
HURTIG SERVICE AS,923808515,AS,0,81.210,,
HUS I FOKUS JADWIGA MARKIEWICZ-SHAYEGHI,998206715,ENK,0,81.210,,
HUSPROFF ANETA SKIBINSKA,935975719,ENK,0,81.210,,
HUYNH RENGJØRINGSERVICE,935915287,ENK,0,81.210,,
HØIBY RENHOLD KAMILLA HØIBY BJØRNØY,923822402,ENK,0,81.210,,
HAASTED SOLUTIONS,933187683,ENK,0,81.210,,
IB RENHOLD AS,925228400,AS,0,81.210,,
IBERCANNA LIMITED,826822082,NUF,0,81.210,,
IBKA,968291777,NUF,0,81.210,,
IBRAHIM CABAR,923571973,ENK,0,81.210,,
IBRAHIM RENHOLD SERVICE,935660653,ENK,0,81.210,,
ICA RENHOLD FLORICA LUCACI,912780481,ENK,0,81.210,,
ICG NORWAY FILIAL NUF,923872655,NUF,0,81.210,,
ICHIM MTS,837232732,ENK,0,81.210,,
IJEOMA OKOYE,928658090,ENK,0,81.210,,
IKT-DRIFT AS,925273511,AS,0,81.210,,
IMAN RENHOLD V/ AHMEDALHADI USMAN ALHAJ,927288656,ENK,0,81.210,,
INBARAJAN VASKEHJELP,928898490,ENK,0,81.210,,
INDULGE YOURSELF V/LHYNE SIMENSTAD (MCS),927344084,ENK,0,81.210,,
INGA C.J RENHOLD INGA PCIOLKINA,998237297,ENK,0,81.210,,
INTERIØRSERVICE MAJEWSKA,930963062,ENK,0,81.210,,
IONESCU SERVICE,936985602,ENK,0,81.210,,
IOSUB RENHOLD OG MALERSERVICE,932740087,ENK,0,81.210,,
IQBAL HOLDINGS,937966652,ENK,0,81.210,,
IRAS AS,936653081,AS,0,81.210,,
IRENE DEL SOCORRO,937243960,ENK,0,81.210,,
IRON AS,920652972,AS,0,81.210,,
ISMAILI RENHOLD,934361792,ENK,0,81.210,,
ISO INDUSTRI SERVICE AS,968337351,AS,0,81.210,,
ISREAL SERVICES ISREAL AMEDUME,927419394,ENK,0,81.210,,
ISS HOLDING AS,992086068,AS,0,81.210,,
ITALIA PULITA DI CAVALLARI,915486959,ENK,0,81.210,,
IVANCHUK CLEANING,937673337,ENK,0,81.210,,
IVI BYGG OG RENHOLD IWONA MARIA SZPRUCH,992369809,ENK,0,81.210,,
IWONA FRAC HJEM OG HAGETJENESTER,914760801,ENK,0,81.210,,
IWUCHUKWU SERVICE,816043662,ENK,0,81.210,,
IZABELA KLEMCZAK,996463737,ENK,0,81.210,,
IZABELA KOZDEBA,999535623,ENK,0,81.210,,
IZABELA-RENHOLD ANNA IZABELA MUCZKA,912593134,ENK,0,81.210,,
J. RIDD SERVICES,932954168,ENK,0,81.210,,
J.S. RENHOLD JUSTYNA SYPNIEWSKA,924847751,ENK,0,81.210,,
J&M VENCEL COMPANY,923842233,ENK,0,81.210,,
JAFF GRUPPEN AS,918000305,AS,0,81.210,,
JAGODAS RENHOLD JADWIGA HELENA BAK,915385478,ENK,0,81.210,,
JAKOVCENKO REN CO,936477194,ENK,0,81.210,,
JAMA RENHOLD/ MALING,917251002,ENK,0,81.210,,
JANA RENHOLD AS,936042430,AS,0,81.210,,
JANTAR VASK RENATA ADAMCZEWSKA,998811848,ENK,0,81.210,,
JARA MOLINA TJENESTER,931947389,ENK,0,81.210,,
JASKE SERVICE Eva Jaskiewicz,982211727,ENK,0,81.210,,
JD RENHOLD JOSE DARIO VASQUEZ POLO,915225535,ENK,0,81.210,,
JEGAKUMARAN VASK,935414121,ENK,0,81.210,,
JENITHA RENHOLD & TRANSPORT V/ THANGARASA,998208998,ENK,0,81.210,,
JENNY FANTOFT LAAHNE,937094736,ENK,0,81.210,,
JESSICA DIZON,925261203,ENK,0,81.210,,
JEVALYN BROX RENHOLD,928646513,ENK,0,81.210,,
JG MARTIN RENHOLD,935220254,ENK,0,81.210,,
JMS RENHOLD MATUSEVICIENE,913577825,ENK,0,81.210,www.jmsrenhold.com,
JMAA BAIG,935613183,ENK,0,81.210,,
JOAKIM EBBESEN,925806234,ENK,0,81.210,,
JOANNA JEDRAS RENHOLD,919165766,ENK,0,81.210,,
JOANNA KURDZIEL PIZON RENHOLD OG RENOVATION,931034464,ENK,0,81.210,,
JOBB SERVICE OSLO AS,831664622,AS,0,81.210,,
JOHANA RENHOLD JOANNA IZABELA GARCZAREK,919682639,ENK,0,81.210,,
JOMBA SERVICE DIABY,931779982,ENK,0,81.210,,
JOSE PABLO QUEZADA ZUNIGA,987734566,ENK,0,81.210,,
JT RENHOLD AS,931224689,AS,0,81.210,,
JUSTYNA AS,916097328,AS,0,81.210,,
K-RENT AS,937197640,AS,0,81.210,,
K. WALICKA RENHOLD,925974269,ENK,0,81.210,,
K.V. RENHOLDS Murugupillai,988775363,ENK,0,81.210,,
"KACZMARCZYK - RENHOLD, REPARASJONER",920431097,ENK,0,81.210,,
KAGABU HPERAM,933749819,ENK,0,81.210,,
KAMANDJAN RENHOLD CAMARA,931746774,ENK,0,81.210,,
KAMILA SIOLA,821534682,ENK,0,81.210,,
KAMILLA HAUKLAND,830884432,ENK,0,81.210,,
KAN RENHOLD AS,989140191,AS,0,81.210,www.kanrenhold.no,
KAPO RENHOLD FLYTTEBYRÅ Abdullah,994619888,ENK,0,81.210,,
KARINA RENHOLD CHALIMONIUK,922166455,ENK,0,81.210,,
KARO RENGJØRING OG TRANSPORT K. KOPROWSKA-PODGORSKA,922714061,ENK,0,81.210,,
KAROLINE DRENGENES,929377583,ENK,0,81.210,,
KASPOL SERVICE KASPERKIEWICZ,930019577,ENK,0,81.210,,
KASTRATIS RENHOLDSSERVICE AS,898010082,AS,0,81.210,,
KATARZYNA CYBULSKA,912437140,ENK,0,81.210,,
KATARZYNA KILIANSKI,922695377,ENK,0,81.210,,
KATARZYNA MUSIAL,916212216,ENK,0,81.210,,
KATARZYNA SOLUCH,995504006,ENK,0,81.210,,
KATE RENHOLD WOJCIESKA,922208867,ENK,0,81.210,,
KATRINES RENHOLD KATARZYNA CHODYN,914744806,ENK,0,81.210,,
KAWEN RENHOLD SERBAS ABDULLAH,932326388,ENK,0,81.210,,
KELIT,931511262,ENK,0,81.210,,
KENT JOHNSEN SERVICE,984422350,ENK,0,81.210,,
KHAMPHAT PHENGPHACHANH,930011673,ENK,0,81.210,,
KINGA CLEANSERVICES KISZKA,914070422,ENK,0,81.210,,
KINGA'S RENHOLD KINGA ALICJA OLSZEWSKA,920573851,ENK,0,81.210,,
KIRKHOLM HOLDING AS,999262589,AS,0,81.210,,
KJAZIMI CLEANINGTECH,927772736,ENK,0,81.210,,
KJETIL TANGERUDS MILJØ RENHOLD,948736705,ENK,0,81.210,,
KLAUDIA RENHOLD WOLOCH,933307417,ENK,0,81.210,,
KLEANNEXT DANIEL ASHITEY QUAYE,922959080,ENK,0,81.210,,
KLEENERR AS,929488253,AS,0,81.210,,
KLUS RENHOLD,915008445,ENK,0,81.210,,
KLUT1 RENHOLD HANSEN,929515463,ENK,0,81.210,,
KOFI BEST RENHOLD SERVICES,915108180,ENK,0,81.210,,
KOHTIEV SMART SERVICE,837535832,ENK,0,81.210,,
KOMFORT LIV ZVEREVA,923441662,ENK,0,81.210,,
KOMIAKHOVA RENHOLD,935243556,ENK,0,81.210,,
KONDROTAITE,926724118,ENK,0,81.210,,
KOSTEN VASKEBYRÅ ANS,946461202,ANS,0,81.210,,
KOSTIC CLEANLAB ENK,937244606,ENK,0,81.210,,
KOVEST AS,936327389,AS,0,81.210,,
KOZLOWSKA BÅT OG BOLIG SERVICE,934902300,ENK,0,81.210,,
KRAMER RENHOLD,989072420,ENK,0,81.210,,
KRASNIQI DRIFT,935937426,ENK,0,81.210,,
KRASNIQI RENHOLD,937641699,ENK,0,81.210,,
KRINE AS,935520177,AS,0,81.210,,
KRISTIANIA RENHOLD AS,978642667,AS,0,81.210,,
KRISTIN FEDJE,928571637,ENK,0,81.210,,
KRISTINA GREGOR,998003792,ENK,0,81.210,,
KRIVACIC,832123412,ENK,0,81.210,,
KUQI RENHOLD,937664753,ENK,0,81.210,,
KUZBA RENHOLD,914475570,ENK,0,81.210,,
KVALITET RENHOLD OSLO AS,925167401,AS,0,81.210,,
LAGUNA RENHOLD DOROTA BEATA CZYZEWSKA-JOZWIAK,997015223,ENK,0,81.210,,
LAIMA TJENESTER KAZLAUSKAITE,997571584,ENK,0,81.210,,
LAKEL OSLO RENS RENHOLD.NO,930184519,ENK,0,81.210,,
LAKHWINDER KAUR,936932002,ENK,0,81.210,,
LAMAJ VASK,937798822,ENK,0,81.210,,
LARS ARON WIIG LLC,931587994,ENK,0,81.210,,
LARSSON FLÅÅTTESTE FINISH,936683541,ENK,0,81.210,,
LATIFAR HAZA,927910497,ENK,0,81.210,,
LATINOS VIKINGOS RENHOLD MARTINEZ PERDOMO,938084718,ENK,0,81.210,,
LAURIDSEN STEPHEN,970460152,ENK,0,81.210,,
LAVENDEL RENHOLD OSLO NOURDIN BEN MOUSSA,923764542,ENK,0,81.210,,
LBS DRIFT LINDA BEATE STEINSETH,917313202,ENK,0,81.210,,
LECROQ CLEANING,927147513,ENK,0,81.210,,
LEHT HVERDAGSHELT,831796782,ENK,0,81.210,,
LEII RENHOLD AS,829768232,AS,0,81.210,,
LEIMEG AS,998606810,AS,0,81.210,,
LETA KAZLAUSKIENE,992658096,ENK,0,81.210,,
LEVARDA TOPP VASK OG RENHOLD,934104390,ENK,0,81.210,,
LI SERVICE,926484869,ENK,0,81.210,,
LILJEKONVALL,935937957,ENK,0,81.210,,
LIME LIGHT RENHOLD ALI ZIA,925236306,ENK,0,81.210,,
LIMSTRAND R&B,831731672,ENK,0,81.210,,
LINA SOFIE B. ISAKSEN,927049082,ENK,0,81.210,,
LINA VENCLOVIENE,997706757,ENK,0,81.210,,
LINDGREN TRAPPEVASK,927829525,ENK,0,81.210,,
LINDO GROUP AS,921313322,AS,0,81.210,,
LINJA RENHOLD DA,976803167,DA,0,81.210,,
LISITA PRO-RENHOLD,930804126,ENK,0,81.210,,
LIUBYVA CLEANING,938014493,ENK,0,81.210,,
LJAN RENHOLD WYCHOWALEK,828887262,ENK,0,81.210,,
LJATIFI SERVICE,926039563,ENK,0,81.210,,
LLAMELO RENHOLD,930962880,ENK,0,81.210,,
LO SERVICE LIDIA OBIEDZINSKA,918801359,ENK,0,81.210,,
LOTTA ØSTER,926406361,ENK,0,81.210,,
LS CONCEPT ZVEZDAN STANOJEVIC,917093326,ENK,0,81.210,,
LULLU LUCIANE DO AMARAL  LEAL,920603114,ENK,0,81.210,,
LUMI HOME BY KAROLINA ROJEK,937648014,ENK,0,81.210,,
LUNDEN RENHOLD AS,934305736,AS,0,81.210,,
LUNDSTEIN & ØVERÅS RENOVASJONSHYGIENE ANS,958373570,ANS,0,81.210,,
LUP RENHOLD,930321028,ENK,0,81.210,,
LUXCLEAN KAROLINA BIALY,927435438,ENK,0,81.210,,
LY RENHOLD,932181487,ENK,0,81.210,,
LYKKE DYLAN AS,937151551,AS,0,81.210,,
LYNRASK VASK AS,933856070,AS,0,81.210,,
LØLAND RENGJØRING,935598133,ENK,0,81.210,,
M BREILI,927642778,ENK,0,81.210,,
M OG M ENTREPENØR SERVICE DA,984550294,DA,0,81.210,,
M&P SERVICE MARIOLA KAMILA POCHOWSKA,922738564,ENK,0,81.210,,
MACH-FACH KOWALSKA,925779385,ENK,0,81.210,,
MAGAR RENHOLD,998649781,ENK,0,81.210,,
MAGDA RENHOLD MAGDALENA KOLODZIEJ,925253626,ENK,0,81.210,,
MAGGY'S RENHOLD MAGDALENA BORZYNSKA,914484294,ENK,0,81.210,,
MAGIER RENHOLD,926077279,ENK,0,81.210,,
MAHAD GA'AL SERVICE,924325550,ENK,0,81.210,,
MAHAMUUD RENHOLD,935775884,ENK,0,81.210,,
MAICA FLORES VASK LANDERAS,914101050,ENK,0,81.210,,
MAID FOR CLEANING AS,915275540,AS,0,81.210,,
MAID IN NORWAY AS,931127594,AS,0,81.210,,
MAJORSTUA RENHOLDSERVICE AS,915713815,AS,0,81.210,,
MAL RENHOLD V/ MALLIKA DALUWATHA,917227403,ENK,0,81.210,,
MALA JABER,926048597,ENK,0,81.210,,
MANCHENO MARTINEZ SERVICES,937649711,ENK,0,81.210,,
MANOLEA TJENESTER,932273284,ENK,0,81.210,,
MANUELA DUQUE OROZCO,937110111,ENK,0,81.210,,
MARCELLE RENHOLD IBRAHIMA SORY CAMARA,920349420,ENK,0,81.210,,
MARGARET DZAMAN,919383399,ENK,0,81.210,,
MARGARET MALGORZATA IWANCIO,913151143,ENK,0,81.210,,
MARGARETA VEDLIKEHOLD AV EIENDOM PORANKIEWICZ,928798933,ENK,0,81.210,,
MARIA ABDI IBRAHIM,925327522,ENK,0,81.210,,
MARIA DEL ROSARIO CONESA,929980018,ENK,0,81.210,,
MARIA THERESA CUESTA MILLONES,930539872,ENK,0,81.210,,
MARIANA PENA LASPENAS,936302033,ENK,0,81.210,,
MARIANAS BARBU RENHOLD OG VEDLIKEHOLDSTJENESTER,918703268,ENK,0,81.210,,
MARIE AASLIE,917838798,ENK,0,81.210,,
MARIJIE LOSA BIZJAK,926508393,ENK,0,81.210,,
"MARIJO BELJAN,MB RENHOLD",992730595,ENK,0,81.210,,
MARILYNDEHLIN MARILYN GUEVARRA DEHLIN,820881362,ENK,0,81.210,,
MARINA BAJSKI,925278629,ENK,0,81.210,,
MARINETS CLEAN SERVICE,831233672,ENK,0,81.210,,
MARINO,932736063,ENK,0,81.210,,
MARISOL AQUINO,924828838,ENK,0,81.210,,
MARIUS ENTREPRENØR AS,936417779,AS,0,81.210,,
MARKIEWICZ RENHOLD,922311811,ENK,0,81.210,,
MARSYL RENHOLD SYLWIA KAROLINA PONIKIEWSKA,920532632,ENK,0,81.210,,
MARTHINSEN ENK,934154126,ENK,0,81.210,,
MARTINSEN RENHOLD,937296630,ENK,0,81.210,,
MARYROSE ADDUN HAUGEN,926747525,ENK,0,81.210,,
MASTER REN ELIANA RUTH FERNANDEZ DAVILA,815853202,ENK,0,81.210,,
MATA SHINING STAR,924408871,ENK,0,81.210,,
MATIAS SEBASTIAN SAENZ,926762966,ENK,0,81.210,,
MATOVICOVA VASK OG MALING,929305108,ENK,0,81.210,,
MATTERHORN KONSULT AS,925970700,AS,0,81.210,,
MAVO RENHOLD AS,918453598,AS,0,81.210,,
MAXUM GROUP NUF,988829129,NUF,0,81.210,,
MB ANDERSENS SERVICE,930305618,ENK,0,81.210,,
MB ARINGA NAMAI NUF,936944612,NUF,0,81.210,,
MB RENHOLD - MAGDALENA FALBA,996296407,ENK,0,81.210,,
MBONDO RENVAKT,923385304,ENK,0,81.210,,
MBRINK RENHOLD MABELYN DE LA CRUZ BRINK,997932129,ENK,0,81.210,,
MD RENGJØRING BEN HAMOU,930943150,ENK,0,81.210,,
MEGA RENHOLD SHARIFI,934103556,ENK,0,81.210,,
MEHARI BERHE MEHARI BERHE WELDEGEBRIEL,925744964,ENK,0,81.210,,
MELINA ANDREA BURDISSO PETROCELLI,826739762,ENK,0,81.210,,
MENDEZ VERA RENHOLD OG RENGJØRING,928664201,ENK,0,81.210,,
MENDICUS NORGE ARILD EMANUEL HAAKONSEN,931869299,ENK,0,81.210,,
MERI RENHOLD MERI PLOR MINIOSA OLAYER,824693412,ENK,0,81.210,merirenhold.no,
METRO AIDE RENHOLD AS,918266429,AS,0,81.210,,
MFIX AS,936620213,AS,0,81.210,,
MG HOLDNING AS,927611260,AS,0,81.210,,
MG RENHOLD ANS,991541411,ANS,0,81.210,,
MICHELES RENHOLD AS,930821403,AS,0,81.210,,
MIDER RENHOLD,925088536,ENK,0,81.210,,
MIKA VASKEHJELP MICHALINA KACHELSKA,997936345,ENK,0,81.210,,
MILAN SERVICE AS KONKURSBO,934931874,KBO,0,81.210,,
MIME MELGAR PAZ,927005980,ENK,0,81.210,,
MIMEE RENHOLD TJENESTEN MADU,935024633,ENK,0,81.210,,
MIN VASKEHJELP ANNA PAJOR,990844348,ENK,0,81.210,,
MIRA RENHOLD DRABIK,913214803,ENK,0,81.210,,
MIRANDA PACOMPIA KJENNER DEG,935997054,ENK,0,81.210,,
MIRCEA COMPANY,936561489,ENK,0,81.210,,
MIRIAMSANDVIN MIRIAM SANDVIN,819228302,ENK,0,81.210,,
MIRINA HELEN DEGAJ UTSTAD,925528102,ENK,0,81.210,,
MIRINET MULTISERVICIOS LIMITED,921290128,NUF,0,81.210,,
MISTER CLEAN MAKAYA,931673823,ENK,0,81.210,,
MITREA SERVICE OG MONTASJE,922434328,ENK,0,81.210,,
MITTVINDU KJERPESETH,924938447,ENK,0,81.210,,
MK RENHOLD AS,936991017,AS,0,81.210,,
MK RENHOLD SERVICE AS KONKURSBO,937359098,KBO,0,81.210,,
MM TJENESTER MARCELINA WOZNIAK,925607991,ENK,0,81.210,,
MOHAMUD RENT OSLO,931980386,ENK,0,81.210,,
MONA RENHOLD MARCZAK,917363420,ENK,0,81.210,,
MONA SMALEC,921335105,ENK,0,81.210,,
MONCUNILL SERVICE,922135789,ENK,0,81.210,,
MONI SERVICE Monir Ahmad,980949982,ENK,0,81.210,,
MONI VARGOVA,928136175,ENK,0,81.210,,
MONIKA BIALOUS,996826635,ENK,0,81.210,,
MONIKA RB SERVICE TRZEBNIAK-WISNIEWSKA,927561476,ENK,0,81.210,,
MONIKA SOBCZAK,989683292,ENK,0,81.210,,
MONTILLA REYES LØREN RENHOLD,936224970,ENK,0,81.210,,
MOON RENHOLD ADNAN ALI HIDIG,911688220,ENK,0,81.210,,
"MOORE CLEANING, JAMES MOORE",914386152,ENK,0,81.210,,
MOPPEN RENHOLD DA,851690182,DA,0,81.210,,
MORINIGO CLEANING,930228052,ENK,0,81.210,,
MOSTAFA MAMDOUH ALSAIID,928171744,ENK,0,81.210,,
MOVE AND CLEAN HAWILO,932991934,ENK,0,81.210,,
MP BERGE RENHOLD,934394860,ENK,0,81.210,,
MR AHMED,935917611,ENK,0,81.210,,
MR CLEAN SHAFIQ ASLAMY,922674175,ENK,0,81.210,,
MR RENHOLD JARRARI AS,976482263,AS,0,81.210,,
MRM RENHOLD AS,935845661,AS,0,81.210,,
MUGHAL SERVICES,926602446,ENK,0,81.210,,
MUIR SKINNENDE TRINN,935328721,ENK,0,81.210,,
MUJDEI RENHOLD OG SERVICES,926310437,ENK,0,81.210,,
MULIRI LAVISH CLEANERS,833969412,ENK,0,81.210,,
MULTIHATTERS AS,930253324,AS,0,81.210,,
MUSSIE MAHDERA,826932872,ENK,0,81.210,,
MUSTAFA HAJ KADOUR KOSA,937657250,ENK,0,81.210,,
MUSTAFE RENHOLD MOHAMOUD,919315334,ENK,0,81.210,,
MVF SERVICE AS TVANGSAVVIKLINGSBO,937885806,KBO,0,81.210,,
MØBELRENSEREN SVEINSSON,936969488,ENK,0,81.210,,
NAGINA GHAZNAVI,924499311,ENK,0,81.210,,
NAJADEN RENHOLD TIMERBAEVA,936918662,ENK,0,81.210,,
NALI TRANSPORT AS,914635853,AS,0,81.210,,
NAMU AS KONKURSBO,937728042,KBO,0,81.210,,
NASERI RENHOLD,936303463,ENK,0,81.210,,
NASIM ALI,919868457,ENK,0,81.210,,
NATALIA KOLODZIEJ,916823290,ENK,0,81.210,,
NATALIA RENHOLD Natalia Grodecka,992628170,ENK,0,81.210,,
NATALIE DOMINGOS DO PRADO GOMES,835582132,ENK,0,81.210,,
NB RENHOLD BEHI,990068151,ENK,0,81.210,,
NEAT SERVICE AS,936654320,AS,0,81.210,,
NENTOR GRUPPEN AS,998756073,AS,0,81.210,,
NEOM SERVICE AS,916303203,AS,0,81.210,,
NESIBE AHMED,926080601,ENK,0,81.210,,
NETO TJENESTESENTER,934423526,ENK,0,81.210,,
NEUPANE,934033361,ENK,0,81.210,,
NGUYEN DUONG,925400203,ENK,0,81.210,,
NICOLE LIGOGO SEBANO RENHOLD,930878286,ENK,0,81.210,,
NIKOLAI PIGHIN BREKKE,932705648,ENK,0,81.210,,
NIKOLOVA RENNOR,927924641,ENK,0,81.210,,
NINO PAREGLIO,912895327,ENK,0,81.210,,
NKK RENHOLD NEERAJ KUMAR KAPOOR,915271057,ENK,0,81.210,,
NOK RENHOLD INTANAM,934918223,ENK,0,81.210,,
NOR SERVICE  Arulesan Paramasivam,985716897,ENK,0,81.210,,
NORA HØEGH PRIVAT,994303473,ENK,0,81.210,,
NORA MARIA THORSEN,925987573,ENK,0,81.210,,
NORD RENT AS,926439073,AS,0,81.210,,
NORD SERVICE ONE AS KONKURSBO,933246574,KBO,0,81.210,,
NORDIC BYGGENTREPRENØR AS,934988183,AS,0,81.210,,
NORDIC CLEAN MOHAMED,935501784,ENK,0,81.210,,
NORDIC FACILITY MANAGEMENT AS KONKURSBO,937956894,KBO,0,81.210,,
NORDIC FM GROUP TOPCO AS,932134543,AS,0,81.210,,
NORDIC PRO SERVICE .IYAD OMAR,937888813,ENK,0,81.210,,
NORDIC RENHOLD AWIL,935216990,ENK,0,81.210,,
NORDISK AKTIV AS,928930475,AS,0,81.210,,
NORDLYS LILIIA RAZINKINA,922940401,ENK,0,81.210,,
NORDN AS,928119386,AS,0,81.210,,
NORPOL SERVICES KOSIEC-PIECH,914802067,ENK,0,81.210,,
NORSHINE LORIN,835452492,ENK,0,81.210,,
NORSK KVALITET RENHOLD Vijithakumar Rajendram,994945505,ENK,0,81.210,,
NORSK RENHOLDSFIRMA IANINA OLARU,912434664,ENK,0,81.210,,
NORTHERN CLEANING SERVICES AJMAL,911563770,ENK,0,81.210,,
NORWAY STEAM WASH ABU DAYA,925871869,ENK,0,81.210,,
NOVA INVESTERING AS,926755293,AS,0,81.210,,
NOVICENOKA,934174755,ENK,0,81.210,,
"NUT RENHOLD, NUTJAREE VANGEN",935030560,ENK,0,81.210,,
NY ÆNERGY AS,927525380,AS,0,81.210,,
NYTTIG RENHOLD ENGEN,929556798,ENK,0,81.210,,
"OKAR75 RENHOLD, ISMAIL TASSAMMA",913786432,ENK,0,81.210,,
OKINE,931786903,ENK,0,81.210,,
OLAV BREKKE MATHISEN,979567006,ENK,0,81.210,,
OLIVA RENHOLD Olgerts Kozlovs,993582344,ENK,0,81.210,,
OLOWOLAYEMO OPS,933503054,ENK,0,81.210,,
OLSEN RENHOLD,928484203,ENK,0,81.210,,
OMARS AS,937252269,AS,0,81.210,,
OMC OFFICE MAID CARE NGEMBUS,892660492,ENK,0,81.210,,
OMEGA MILJO SERVICE Izi Omoju,985329087,ENK,0,81.210,,
ONEATA SERVICE COSMO,936561608,ENK,0,81.210,,
OPTIMALT RENHOLD AS,915690726,AS,0,81.210,,
ORDENSARKITEKT ANETTA JASS,933630447,ENK,0,81.210,,
ORVO AL-SAADY,935029201,ENK,0,81.210,,
OSLO & VIKEN FASADEVASK AS TVANGSAVVIKLINGSBO,936120679,KBO,0,81.210,,
OSLO & VIKEN RENHOLD AS,827834432,AS,0,81.210,,
OSLO AKERSHUS RENHOLD OG VAKTMESTER TJENESTE ZAKARIA OUAJID,923939016,ENK,0,81.210,,
OSLO DOWEK VASK,932986639,ENK,0,81.210,,
OSLO OG AKERSHUS RENHOLD AS,913555333,AS,0,81.210,,
OSLO RENHOLD & TRANSPORT ABDI ASIS ABDI ASIS MOHAMED HASSAN,922730539,ENK,0,81.210,,
OSLO RENHOLDSPARTNER AS TVANGSAVVIKLINGSBO,937132298,KBO,0,81.210,,
OSLO RENHOLDSSERVICE AS,983088090,AS,0,81.210,,
OSLO SERVICE HUB / PARFENYUK,937476280,ENK,0,81.210,,
OSLO VEST RENHOLD V/BJØRG ANITA ØDEGAARD,936036341,ENK,0,81.210,,
OSLO VVV AS,933402533,AS,0,81.210,,
OSMOSE VASK AS,919072873,AS,0,81.210,,
OSTI RENHOLD TJENESTER OSTROGA,936163742,ENK,0,81.210,,
OTTO VASK&MALING,925036315,ENK,0,81.210,,
OV FACILTY SERVICES AS,936128459,AS,0,81.210,,
OYEBUKOLA VICTOR ORIRE,911883511,ENK,0,81.210,,
P&ML RENHOLD GRZYWACZ,935243467,ENK,0,81.210,,
P2P SERVICE AS,934898729,AS,0,81.210,,
PANDIT GAUTAM K.S.,931745328,ENK,0,81.210,,
PAPILLON SERVICES Smailagic,980464350,ENK,0,81.210,www.papillon.no,
PATRICIA ARGAVA MILLER,971651849,ENK,0,81.210,,
PATRICIO ALEJANDRO PACHECO CECATO,928351777,ENK,0,81.210,,
PAULA RENHOLD KOPICZKO,912198723,ENK,0,81.210,,
PAVLIKOVA PROCLEAN,937483775,ENK,0,81.210,,
PAVLOVA CLEANING,931740660,ENK,0,81.210,,
PB JANICKA,935357985,ENK,0,81.210,,
PEDRAGLIO LOLI RENHOLD,927498693,ENK,0,81.210,,
PEDRO GONCALVES,936915272,ENK,0,81.210,,
PELLAS RENHOLD AS,895305952,AS,0,81.210,,
PEN OG REN SERVICE ARTUR HYCNAR,821007682,ENK,0,81.210,,
PENA SERVICE & CLEAN,830836802,ENK,0,81.210,,
PENT & RENT JANKOWSKA,915765122,ENK,0,81.210,,
PENT RENT TOMASZEWSKA-ERLICH,932247615,ENK,0,81.210,,
PEREZ CAMPOS,937821190,ENK,0,81.210,,
PERFECT BOGUSLAWA BARBARA WACH,917624534,ENK,0,81.210,,
PERFEKT RENHOLD SERVICE SAGWAN ABDULATEEF HASAN HASAN,814780562,ENK,0,81.210,,
PERFEKT SERVICE MIERZEJEK,929871197,ENK,0,81.210,,
PERFEKT VASK ADRIAN DAMIAN BAK,926512358,ENK,0,81.210,,
PETTERSEN FLYTTEVASK OG RENGJØRING,918778128,ENK,0,81.210,,
PH VINDUSVASK Philip Risom Hansen,992676493,ENK,0,81.210,,
PHM BOLIGSERVICE AS,935264405,AS,0,81.210,,
PIONERRENT POTYAKIN,915869254,ENK,0,81.210,,
PLUSS RENHOLD ANICA BREAZU,914120934,ENK,0,81.210,,
PM SERVICE PLATA,932471078,ENK,0,81.210,,
POLAR RENHOLD GEORGI GEORFIEV,914962099,ENK,0,81.210,,
POLBAK PAWEL WOJCIECH BAK,921599218,ENK,0,81.210,,
POPA ELENA RENHOLD,911826437,ENK,0,81.210,,
PORTILLO CLEAN,832333352,ENK,0,81.210,,
PREMINI GOVINDAPILLI,993744824,ENK,0,81.210,,
PRETORIUS-LINDGREN EIENDOMSSERVICE,929878191,ENK,0,81.210,,
PRIMA REN TOPI,936364543,ENK,0,81.210,,
PRIME VASK & TJENESTER AS,916709803,AS,0,81.210,,
PRIVA ORGANIZE AS,933418812,AS,0,81.210,,
PRO BOLIGVASK OSLO & OMEGN AS,835835022,AS,0,81.210,,
PRO RENHOLD AS,928515079,AS,0,81.210,,
PRO-VEDLIKEHOLD&TRANSPORT HOLMEN,920651305,ENK,0,81.210,,
PROF RENHOLD SHERWIN JOY PAGALA OVESEN,921120583,ENK,0,81.210,,
PROFFBUD AS,933909336,AS,0,81.210,,
PROTSENKO RENHOLD,833845462,ENK,0,81.210,,
PRZYBYSZEWSKA SERVICE,918540326,ENK,0,81.210,,
PUKAS RENHOLD,937994885,ENK,0,81.210,,
PURCEA OPPUSSING,998693772,ENK,0,81.210,,
PURE & CLEAR NATALIA PAWSKA,920422721,ENK,0,81.210,,
PURE HOME CLEANING VASILE,936967698,ENK,0,81.210,,
PURE INVEST DA,990288003,DA,0,81.210,,
PURECLEAN JULIA JARONCZYK,931779303,ENK,0,81.210,,
PURGATO AS,915805035,AS,0,81.210,,
QADER FAST SERVICE,929348001,ENK,0,81.210,,
QUI RENHOLD,932141337,ENK,0,81.210,,
QUIROG,928754952,ENK,0,81.210,,
R.E.N. DA,990938296,DA,0,81.210,,
R4RENGJØRING DA,936219543,DA,0,81.210,,
RADU RENHOLD,936290841,ENK,0,81.210,,
RAFF COMPANY - R. ZMUDZIN,988353981,ENK,0,81.210,,
RAMANAUSKIENE,836183932,ENK,0,81.210,,
RASKNORD KALOGIROU,934211677,ENK,0,81.210,,
RASKSERVICE NOWAK,930109894,ENK,0,81.210,,
RBB BEKIRI,933349314,ENK,0,81.210,,
REN OG BRIGHT RENHOLD AS,914893267,AS,0,81.210,,
REN OG PEN IGJEN MILENA FILINA,934585984,ENK,0,81.210,,
REN OG PEN SERVICE MOHAMOUD,935615313,ENK,0,81.210,,
REN PLUSS EIENDOM AS,974275783,AS,0,81.210,www.r-v.no,
REN SONG AS,919964537,AS,0,81.210,,
REN-BYGG WISNIEWSKA,993402176,ENK,0,81.210,,
RENATA RYBALOW RENHOLD,998173760,ENK,0,81.210,,
RENATA SADOWSKA,919376376,ENK,0,81.210,,
RENDAMP DANECKA,933385531,ENK,0,81.210,,
RENDOR DOROTA SLIWKA,990842000,ENK,0,81.210,,
RENE MAJEWSKA,912413616,ENK,0,81.210,,
RENECO GROUP AS,934078659,AS,0,81.210,,
RENEEL LAUTEN,989938851,ENK,0,81.210,,
RENEK AS,989694421,AS,0,81.210,www.renek.no,
RENGJORT AS,936012167,AS,0,81.210,,
RENGJØRING ANNA MILEWSKA,926407651,ENK,0,81.210,,
RENGJØRING IWONA ANNA PAWKA,911669072,ENK,0,81.210,,
RENGJØRING LAZAR,922325332,ENK,0,81.210,,
RENGJØRING OG DYREPASS MALGORZATA STYCZYNSKA,924581905,ENK,0,81.210,,
RENGJØRING VADUVA,928677508,ENK,0,81.210,,
RENGJØRING WASH AND GO ANNA KOSTUCHA,997404483,ENK,0,81.210,,
RENGJØRINGSMESTEREN SELHI,931783467,ENK,0,81.210,,
RENGJØRINGSTJENESTER AS,935821789,AS,0,81.210,,
RENHOLD - ANIA ANNA ROZMARYNOWSKA,915520324,ENK,0,81.210,,
RENHOLD - EMILIA BAJ,916869010,ENK,0,81.210,,
RENHOLD - NATALIA BONASEWICZ,913062876,ENK,0,81.210,,
RENHOLD & RENGJØRING Cyrankowska,989434497,ENK,0,81.210,,
RENHOLD A.S. ALEXANDRA GUBCA,932301660,ENK,0,81.210,,
RENHOLD AGA AGNIESZKA OKONIEWSKA,915001858,ENK,0,81.210,,
RENHOLD Aneta Radelczuk,894323442,ENK,0,81.210,,
RENHOLD ANNA PUTZKOWSKA,994288504,ENK,0,81.210,,
RENHOLD AS,922640874,AS,0,81.210,,
RENHOLD BADURSKA-SAWICKA,928622665,ENK,0,81.210,,
RENHOLD BARDALEN,937734190,ENK,0,81.210,,
RENHOLD BEATE BEATA MARIA KIERMACZ,922076383,ENK,0,81.210,,
RENHOLD DOROTA BUSZKIEWICZ,998025834,ENK,0,81.210,,
RENHOLD EDYTA ZEMAN,916219369,ENK,0,81.210,,
RENHOLD EWA Ewa Niedzielska,991589546,ENK,0,81.210,,
RENHOLD EWA KOZIROG,914091586,ENK,0,81.210,,
RENHOLD EWA RUCZKAL,925394580,ENK,0,81.210,,
RENHOLD EXCEL DA,912840913,DA,0,81.210,,
RENHOLD GITANA DABKUVIENE,922914621,ENK,0,81.210,,
RENHOLD GOGACZ,918853901,ENK,0,81.210,,
RENHOLD GOZDUR,915001726,ENK,0,81.210,,
RENHOLD GRABOWSKA,929028236,ENK,0,81.210,,
RENHOLD ILZE ZARINA,928801268,ENK,0,81.210,,
RENHOLD IWONA,998837545,ENK,0,81.210,,
RENHOLD JADWIGA KOZIOL,897872102,ENK,0,81.210,,
RENHOLD JOANNA JAROCHA,820608682,ENK,0,81.210,,
RENHOLD JOLANTA PASEK,919899743,ENK,0,81.210,,
RENHOLD JUSTYNA SZOSTAK,918002529,ENK,0,81.210,,
RENHOLD KREKU,936453996,ENK,0,81.210,,
RENHOLD LABAN,934812344,ENK,0,81.210,,
RENHOLD MALGORZATA KUCINSKA,996901165,ENK,0,81.210,,
RENHOLD MARZENA BABIS,927717751,ENK,0,81.210,,
RENHOLD NATALIA OCZKOS,934805283,ENK,0,81.210,,
RENHOLD OG ELEKRO TJENESTER JOLANTA MARIA HASS,999600638,ENK,0,81.210,,
RENHOLD OG VAKTMESTERTJENESTER @ BJERKE FAMILIEN,927129868,ENK,0,81.210,,
RENHOLD OSLO YAROVA,937370679,ENK,0,81.210,,
RENHOLD PIWOWARCZYK,921378335,ENK,0,81.210,,
RENHOLD PROFF KARALEVICIUTE,933871762,ENK,0,81.210,,
RENHOLD R. SCHILLING,931072269,ENK,0,81.210,,
RENHOLD RICO MARGARETA OLEKSA,998379407,ENK,0,81.210,,
RENHOLD SENTRALEN AS,928703169,AS,0,81.210,,
RENHOLD SERVICE CATHRINE BARAN,916017677,ENK,0,81.210,,
RENHOLD SYLWIA STANKIEWICZ,916572026,ENK,0,81.210,,
RENHOLD TIP-TOP B.D.W MICHALIK,936124933,ENK,0,81.210,,
RENHOLD TJENESTER ADELINA LAURA-ADELINA LUCACI,917202532,ENK,0,81.210,,
RENHOLD TJENESTER EWA KONDRATOWICZ,930756016,ENK,0,81.210,,
RENHOLD TJENSTER MACJOHA,931153013,ENK,0,81.210,,
RENHOLD TOTAL ALINA RAMONA MUSAT,923314040,ENK,0,81.210,,
RENHOLD VAKTMESTER OG HAGETJENESTER Grete Sørnes,887753962,ENK,0,81.210,,
RENHOLD WARDZALA,929668022,ENK,0,81.210,,
RENHOLD YAR CO TABASSUM,813407302,ENK,0,81.210,,
RENHOLD-VASKEHJELP OG FLYTTEVASK ZEMANKIEWICZ,929614542,ENK,0,81.210,,
"RENHOLD, DESINFEKSJON OG ROTTEUTRYDDING Luka Lopianowski",891069502,ENK,0,81.210,,
RENHOLDS PLEIE IVANCIU,932211742,ENK,0,81.210,,
RENHOLDSBYRÅET AS,919627484,AS,0,81.210,,
RENHOLDSERVICE BOJANOWSKA,911556146,ENK,0,81.210,,
RENHOLDSFIRMA CHMIELOWSKA,831923202,ENK,0,81.210,,
RENHOLDSGLEDE AS,937321988,AS,0,81.210,,
RENHOLDSPESIALISTEN Xhavit Mehmeti,986673547,ENK,0,81.210,,
RENHOLDSTJENESTER BANASZEK,922189463,ENK,0,81.210,,
RENHOLDSTJENESTER Goleman,994583638,ENK,0,81.210,,
RENHOLDTJENESTE MARTA Labecka,996612260,ENK,0,81.210,,
RENIA AS,943779104,AS,0,81.210,,
RENIA EIENDOM AS,989282379,AS,0,81.210,,
RENKSEN SIERON,931583611,ENK,0,81.210,,
RENMILJØ FAISAL KHAN,919167947,ENK,0,81.210,,
RENOGRYDDIG HVERDAG NOWAKOWSKA,936991750,ENK,0,81.210,,
RENORD AS TVANGSAVVIKLINGSBO,836397622,KBO,0,81.210,,
RENOVERING & RENGJØRING EBERVEIN,935517052,ENK,0,81.210,,
RENOVEST SERVICE Raimond Særkjær,970147403,ENK,0,81.210,,
RENPORT ILYES CHABI,922837384,ENK,0,81.210,,
RENPROFF ALI HUSEIN SUGE,918301380,ENK,0,81.210,,
RENT & PENT AGNIESZKA BATEK,990791856,ENK,0,81.210,,
RENT & PENT ULUBAEVA,937012624,ENK,0,81.210,,
RENT & PENT VASKESERVICE ANS,975984044,ANS,0,81.210,,
RENT & TRYGT AS,837192552,AS,0,81.210,,
RENT A MAID MAY BRITT LYSGÅRD,924062045,ENK,0,81.210,,
RENT Dominika Skalecka,996102416,ENK,0,81.210,,
RENT HJEM Monika Beata Marczak,996559971,ENK,0,81.210,,
RENT HUS ANDRZEJEWSKA,911903083,ENK,0,81.210,,
RENT HUS MAZURKIEWICZ,812518852,ENK,0,81.210,,
RENT HUS PULAK,898379892,ENK,0,81.210,,
RENT MED GLANS EL HAFEDI,935362725,ENK,0,81.210,,
RENT MILJØ MONIKA LUSZCZ,921528698,ENK,0,81.210,,
RENT MILJØ RENHOLD OSLO AS,997379616,AS,0,81.210,,
RENT OG PENT AS,936175813,AS,0,81.210,,
RENT OG PENT GOLEMBKA,921721676,ENK,0,81.210,,
RENT PENT AGA SOLTYS,934384121,ENK,0,81.210,,
RENTOPPDRAG IFTIKHAR,937271506,ENK,0,81.210,,
RENVO NGUYEN,938166773,ENK,0,81.210,,
RETT OG SLETT JACOBSEN,937440820,ENK,0,81.210,,
RETT RENHOLD PARNIAN-FARD,934807715,ENK,0,81.210,Rettrenhold.com,
REYES CLEANING SERVICES,922298653,ENK,0,81.210,,
REYES RENHOLD & MALER AS,928863581,AS,0,81.210,,
RHODA AMILLIA BASS,926374036,ENK,0,81.210,,
RICCA,929459911,ENK,0,81.210,,
RIDA JAOUHARI KAIDI RENHOLD ENK,836691172,ENK,0,81.210,,
RIDDERBERG,917358648,ENK,0,81.210,,
RIKSAASEN AS,934564723,AS,0,81.210,,
RINGSTAD RENT & PENT,930911941,ENK,0,81.210,,
RITA JERNBERG HANSSEN,970385371,ENK,0,81.210,,
RITA SIMONAVICIENE RENHOLD,928108937,ENK,0,81.210,,
ROBERT LIS,916806973,ENK,0,81.210,,
ROBERTSON RENHOLD,826357312,ENK,0,81.210,,
ROCHA LOGISTIKK FIX NUF,830918442,NUF,0,81.210,,
ROKSANA KACZOR,933227693,ENK,0,81.210,,
ROLIKA,997656857,ENK,0,81.210,,
ROMERIKE RENHOLDSTJENESTER AS TVANGSAVVIKLINGSBO,837927072,KBO,0,81.210,,
ROMERO ANAHI,929848160,ENK,0,81.210,,
ROMERO RENHOLD CARVALLO ROMERO,933756572,ENK,0,81.210,,
RONJAS ALICIA GABRIELA ARANCIBIA GOMEZ,923243143,ENK,0,81.210,,
ROSAL PROFF RENHOLD,934026330,ENK,0,81.210,,
ROY OLE NORDHUS,926803603,ENK,0,81.210,,
ROYAL CLEANING ILZE KOZLOVSKA,927622017,ENK,0,81.210,,
ROZA RENHOLD & SERVICE - ROZA ELZBIETA MAZUREK,936071007,ENK,0,81.210,,
RUDFELDT,926069594,ENK,0,81.210,,
RUFAYI RENHOLD,930245968,ENK,0,81.210,,
RUSCITTI,929441869,ENK,0,81.210,,
RYBAKOVA RENHOLD,935243564,ENK,0,81.210,,
RYDD OG VASK AS KONKURSBO,937717725,KBO,0,81.210,,
RYDDE EKSPERT MIETKIEWICZ,920474276,ENK,0,81.210,,
RYDF RENHOLD HIPO MOROCHO,936123856,ENK,0,81.210,,
RYDJE RENHOLD HOLDING AS,984014856,AS,0,81.210,,
RØA KP HOLDING AS,934940318,AS,0,81.210,,
RØA RENHOLD AS,933465543,AS,0,81.210,,
SABAH AZZOUHRI,937548974,ENK,0,81.210,,
SABRIN KELIFA ABDELLA AHMED,923312781,ENK,0,81.210,,
SADDIKI INC,994586165,ENK,0,81.210,,
SAF SUTHRA Surinder Sharma,980949680,ENK,0,81.210,,
SAHA CARE SERVICES,926687166,ENK,0,81.210,,
SAMIRA RENHOLD KAZLAUSKAITE,921891253,ENK,0,81.210,,
SAN MARTIN RENHOLD,886549962,ENK,0,81.210,,
SANDRA PICHOLA RENHOLD,938044732,ENK,0,81.210,,
SANJUNJU CLEANING SERVICES,930647047,ENK,0,81.210,,
SARA AKABBAL,925248827,ENK,0,81.210,,
SARA HEKTOEN,937458614,ENK,0,81.210,,
SARWAR LOGISTIC,928585948,ENK,0,81.210,,
SCANDIC OFFICE AS,923954562,AS,0,81.210,,
SCANDINAVIA CHIPERI,931470507,ENK,0,81.210,,
SCANDIX CLEAN AS KONKURSBO,936569277,KBO,0,81.210,,
SE-BRA MARKOWSKI,925167649,ENK,0,81.210,,
SEDEN SERVICE AL-ALI,933026329,ENK,0,81.210,,
SEEKOKMART RENHOLD,922565813,ENK,0,81.210,,
SEIM VASK,915090826,ENK,0,81.210,,
SENNING SERVICE,933365549,ENK,0,81.210,,
SENTRUM RENHOLD AS,925433977,AS,0,81.210,,
SERVICE ELLEFSRUD JENDOUBI,935900530,ENK,0,81.210,,
SERVICE FRA A TILL Å SZELUGA,930678597,ENK,0,81.210,,
SERVICE4YOU SUNDBY,927395231,ENK,0,81.210,,
SERVNEST KHALID ALI,937249721,ENK,0,81.210,,
SH CLARITY Sylvia Ennis Henry,984330286,ENK,0,81.210,,
SHAEN ABDULLAHIE,926026127,ENK,0,81.210,,
SHASHI NYAUPANE SHARMA,924731427,ENK,0,81.210,,
SHEINA RENHOLD KRISHAN MURUGESAPILLAI,986245154,ENK,0,81.210,,
SHINE Agnieszka Harbuz,995567679,ENK,0,81.210,,
SHINE CLEANING SERVICE DA,919549459,DA,0,81.210,,
SHINE EDYTA CHRZANOWSKA,927912406,ENK,0,81.210,,
SHUKRI HASHI,826942452,ENK,0,81.210,,
SIMONE RENHOLD AS KONKURSBO,933632768,KBO,0,81.210,,
SIMPLEX SERVICE AS,925802999,AS,0,81.210,,
SISI MONIKA GATZ,894440902,ENK,0,81.210,,
SKINNENDE RENT ZAVACKYTE,936216307,ENK,0,81.210,,
SKINNENDEHUS M. CHROBOT,922755159,ENK,0,81.210,,
SKR SERVICE RAMALINGAM,937281390,ENK,0,81.210,,
SL KLUFTEN RENHOLD,927139634,ENK,0,81.210,,
SLAVCHOV RENZONE,935937752,ENK,0,81.210,,
SLIUBURIENE VASK OG RENHOLD,933670872,ENK,0,81.210,,
SLAATSVEEN HARALD,970385339,ENK,0,81.210,,
SMART EIENDOM Piotr Mayer,996031632,ENK,0,81.210,,
SMART SERVICE SHAKA,935110637,ENK,0,81.210,,
SMARTVASK TOVIK,925141941,ENK,0,81.210,,
SMITH RENHOLD,935414660,ENK,0,81.210,,
SMORKEN & CO JON ASBJØRN SCHØYEN,918702873,ENK,0,81.210,,
SMÅHJELPERNE/STIG KATO STØLEN,922285225,ENK,0,81.210,,
SN SELVAM SERVICE,833454102,ENK,0,81.210,,
SNEHVIT HOLDING AS,958942192,AS,0,81.210,,
SNEZA VASK & VEDLIKEHOLD SNJEZANA STARCEVIC,916499477,ENK,0,81.210,,
SOJA,936757472,ENK,0,81.210,,
SOKOLOWSKA RENHOLD,992875186,ENK,0,81.210,,
SOL RENHOLD Blanca Eva Mendoza Herrera,991547290,ENK,0,81.210,,
SOLDIER JUVIK,937810903,ENK,0,81.210,,
SOLIAR&CO RENHOLD YULIIA LUSEVICH,934569822,ENK,0,81.210,,
SOLLI FORVALTNING AS,914989507,AS,0,81.210,,
SOLVANG,927631008,ENK,0,81.210,,
SOSA,930292532,ENK,0,81.210,,
SOTHILINGAM RENHOLD,931874306,ENK,0,81.210,,
SOUHAILA ZAMOUR IFAR,835750302,ENK,0,81.210,,
SOULEYMANE SARR GUYE ENK,916205074,ENK,0,81.210,,
SOWA RENHOLD,831665882,ENK,0,81.210,,
SOZINHO LISBOA SERVICE,929600916,ENK,0,81.210,,
STEFFENSEN TOTALFIX,935438810,ENK,0,81.210,,
STEPH-UP VASK STEPHANIE FERNANDEZ FOSSER,922553785,ENK,0,81.210,,
STEPIEN,922556210,ENK,0,81.210,,
STIOP CLEANING COMPANY,813871882,ENK,0,81.210,,
STJERNE RENGJØRING Abdirashid Hassan Daar,992699078,ENK,0,81.210,,
STOICA,935623464,ENK,0,81.210,,
STORM RENHOLD AS,911593521,AS,0,81.210,,
STOVNER RENHOLD AS,917009643,AS,0,81.210,,
STRAX RENHOLD AS,914857147,AS,0,81.210,,
STRØKENT NELA RZEUTSKA,997268865,ENK,0,81.210,,
STUDIO PEDERSEN,825436782,ENK,0,81.210,,
SULEYMAN RENHOLD,930800090,ENK,0,81.210,,
SUNDENG VASKESERVICE,934086686,ENK,0,81.210,,
SUNRISE MULTI TRADELINK AS,933953602,AS,0,81.210,,
SUNRISE MULTITRADE LINK INDRA BAHADUR KC,826500212,ENK,0,81.210,,
SUPER FACILITY AS,929105931,AS,0,81.210,,
SUPER RENGJØRING HAMMANI,990575541,ENK,0,81.210,,
SUPER RENHOLD AHMAD JAFAR HASHIM JAMALADIN,922566917,ENK,0,81.210,,
SUPER RENHOLD AS TVANGSAVVIKLINGSBO,835320642,KBO,0,81.210,,
SUPER RENHOLD Falih Flaih Majid,991601791,ENK,0,81.210,,
SUPER VASK EL BOUHADDOUTI,931663127,ENK,0,81.210,,
SUPER VASKERNE SEMEÑA,938019002,ENK,0,81.210,,
SUPERLINIS AS,913401298,AS,0,81.210,,
SUPREME RENHOLD V/ NJERU,933195406,ENK,0,81.210,,
SUSANNE ELSTEIN,933907112,ENK,0,81.210,,
SUSSANNE PETTERSON,982690676,ENK,0,81.210,,
SUZANNE SVENDSEN,924356375,ENK,0,81.210,,
SYLWIAKUZBA SYLWIA KUZBA,822793622,ENK,0,81.210,,
SYMASASE TJENESTER,996078361,ENK,0,81.210,,
SYTAI SERVISE,937312059,ENK,0,81.210,,
SÆRKJÆR PETER TH RENGJØRINGSSERV,970261400,ENK,0,81.210,,
T GANTHESWARAN,929241355,ENK,0,81.210,,
T. B. RENHOLD Tahir Buga,896186612,ENK,0,81.210,,
T.T. RENHOLD AS,919460962,AS,0,81.210,,
TALIA SERVICE SHALAN,830321462,ENK,0,81.210,,
TAR SERVICE,928619540,ENK,0,81.210,,
TATA INVEST RAVI,915678858,ENK,0,81.210,,
TB BYGG OG VEDLIKEHOLD TYQILA BIHARI,920893465,ENK,0,81.210,,
TEKLEMARIAM,925889245,ENK,0,81.210,,
TESFAHIWET. WELDESELASIE FLYTTE TRANSPORT SYUM,926896067,ENK,0,81.210,,
THAI INTER AS,997034228,AS,0,81.210,,
THAIR RENHOLD,995559080,NUF,0,81.210,,
THOMAS ESPELAND,927355655,ENK,0,81.210,,
THOMAS HØEGH PRIVAT,993753181,ENK,0,81.210,,
THOR INVEST OSLO AS,932542625,AS,0,81.210,,
THUE & MCHUGH HOLDING AS,932154889,AS,0,81.210,,
TICO SERVICE CHACON,915169864,ENK,0,81.210,,
TIGRAN RENHOLD STRONFEL,932272156,ENK,0,81.210,,
TIP TOP RENHOLD AS,943001820,AS,0,81.210,,
TITITOTA IBRAHIM,912022927,ENK,0,81.210,,
TMR HYGIENESERVICE DA,982560764,DA,0,81.210,,
TOM SOLSVIK,921565844,ENK,0,81.210,,
TONE FISKAA,990179638,ENK,0,81.210,,
TONJE M. G. MELBYE,923373942,ENK,0,81.210,,
TOP TRANS KARTHIKEYAN SHUNMUGAM PALANICHAMI,921376839,ENK,0,81.210,,
TOPP RENGJØRING FULAYI IDI,826517352,ENK,0,81.210,,
TOPPRENHOLD.COM AS TVANGSAVVIKLINGSBO,937927037,KBO,0,81.210,,
TORILL ISACHSEN,925381659,ENK,0,81.210,,
TORNADO MALGORZATA EWA WYLEGALA,987163437,ENK,0,81.210,,
TOSIC TJENESTER,927230836,ENK,0,81.210,,
TOTAL RENHOLD APETRI,833760912,ENK,0,81.210,,
TOURN,932208261,ENK,0,81.210,,
TR BYGG & RENHOLD RENATA NOWAK,919376473,ENK,0,81.210,,
TRANSPORT & RENHOLD ØSTLANDET DUMITRU,926930648,ENK,0,81.210,,
TRANSPORT LOGISTIC CLEANING ERIKAS MAGELINSKAS,922219230,ENK,0,81.210,,
TRANSPORT OG RENHOLD SERVICE MEKALA,924582391,ENK,0,81.210,,
TRIADEN RENHOLD OG FLYTTEBYRÅ V/ KHOURTA,917477760,ENK,0,81.210,,
TRIF,925354708,ENK,0,81.210,,
TRIPPTRAPPVASK HOLTH-HØGSET,928024563,ENK,0,81.210,,
TRULS BORGEN RENGJØRINGSBYRÅ,970135863,ENK,0,81.210,,
TRYGG HOLDING AS,933402207,AS,0,81.210,,
TRYGGVASK AS,936155081,AS,0,81.210,,
TWINKLE TIME ALHALABI,924794747,ENK,0,81.210,,
TYFON VASK AS,963070276,AS,0,81.210,,
TYFON-VASK FRED LOUIS MOLLERIN,970293930,ENK,0,81.210,,
TØMMER HAMAD,835027872,ENK,0,81.210,,
UFR MICKEVICA,997921518,ENK,0,81.210,,
UGLEBAKKEN MULTISERVICE,889832312,ENK,0,81.210,,
UKIC VASKEHJELP,935223725,ENK,0,81.210,,
ULAMIX URSZULA EWA DLUSKA,998622018,ENK,0,81.210,,
ULRIK SUNDET,931277677,ENK,0,81.210,,
ULVESTAD BOLIGFIX,934303865,ENK,0,81.210,,
UNIQUE-RENHOLDSTJENESTER MATEMBO,930282871,ENK,0,81.210,,
UNN CHARLOTTE FRANTZEN,927849046,ENK,0,81.210,,
UNNI INVEST AS,927707993,AS,0,81.210,,
USMA BEDOYA FACILITY SERVICES,929612337,ENK,0,81.210,,
V-SHINE ARIYAPUTHIRAN,934674545,ENK,0,81.210,,
V&AP AS,931152203,AS,0,81.210,,
VALENTIN DUMITRU BYGG,930872466,ENK,0,81.210,,
VALERINNE PRAYASTRA HUTAGALUNG,922974667,ENK,0,81.210,,
VALLE RODRIGUEZ MULTISERVICES,937716893,ENK,0,81.210,,
VARQUEZ RENHOLD SERVICE,927894319,ENK,0,81.210,,
VASK Marlena Brzezinska,996489310,ENK,0,81.210,,
VASK OG FIKS JOHANSEN,938124116,ENK,0,81.210,,
VASKEBASEN BASIR AHMADI,996899845,ENK,0,81.210,,
VASKEBJØRN JULITA KACZYNSKA,924421339,ENK,0,81.210,,
VASKEHJELP LESNIAK,931455257,ENK,0,81.210,,
VASKEHJELP VARDAVOULIA,928743446,ENK,0,81.210,,
VASKEHJELPEREN AS,935851211,AS,0,81.210,,
VASKERNE AS,930770736,AS,0,81.210,,
VASKET RENHOLDSFIRMA V/ ALVÆRN & CO,931862081,ENK,0,81.210,,
VASKIN ANETA SLIWKA,987781823,ENK,0,81.210,,
VASKO ALICJA OLEWINSKA,920470335,ENK,0,81.210,,
VEJSELI RENGJØRINGSSERVICE,932096544,ENK,0,81.210,,
VERA MARIA PEREIRA JENKER - RENT JENKER,891160682,ENK,0,81.210,,
VERTIKAL ALFRED OSCAR ALFRED CHRISTENSEN,923711619,ENK,0,81.210,,
VI VASKER V/ VAVIK,925849421,ENK,0,81.210,,
VIBE VEL VASK,937729669,ENK,0,81.210,,
VIKEN RENGJØRING AS KONKURSBO,935448816,KBO,0,81.210,,
VIKING KONSULENT SYED,927948389,ENK,0,81.210,,
VIKING RENHOLD Francisco Villanueva,984663447,ENK,0,81.210,,
VIKING RENHOLD GUBCA,935418267,ENK,0,81.210,,
VIKTORIA WETTERGREEN,825188622,ENK,0,81.210,,
VILMA SIMONAVICIUTE RENHOLD,926597914,ENK,0,81.210,,
VIPPETANGEN RENHOLD V/BJØRN GJEITNES,997402588,ENK,0,81.210,,
VIPSAN CLEANING BY VIPARTAITE,934434390,ENK,0,81.210,,
VISTAVIS LIMITED,935607272,NUF,0,81.210,,
VIVA RENHOLD AS,918091866,AS,0,81.210,,
VIVIAN SERVICE MARIA VIVIANA TORO CABALLERO,937066570,ENK,0,81.210,,
VON WINTHER LENA AMALIE MERETHE ANASTASAKIS WINTHER KOGSTAD BJERKE,922971757,ENK,0,81.210,,
VULKAN RENHOLD GHAZALA ARFAT,924444045,ENK,0,81.210,,
VULKAN SERVICE AS,921025742,AS,0,81.210,,
VYTAUTE PANGONYTE RENHOLD,993894478,ENK,0,81.210,,
WALLY SERVICE IBRAHIMA DIALLO,834286092,ENK,0,81.210,,
WANPEN MØLLER WANPEN MOLLER,922892962,ENK,0,81.210,,
WASYLUK CLEANING SERVICES,897906732,ENK,0,81.210,,
WEFIX RENHOLD AS KONKURSBO,937184069,KBO,0,81.210,,
WEIGOLD RENGJØRING,921572220,ENK,0,81.210,,
WIORKO DRIFT AS,933582930,AS,0,81.210,,
WIORKO SERVICE,935911451,ENK,0,81.210,,
WITKOWSKA EKSPLOSIV RENGJØRING,934091701,ENK,0,81.210,,
WOJCIK CLEANING SERVICE,934144856,ENK,0,81.210,,
WORLD RENHOLD OG TRANSPORT MEKALA,925338990,ENK,0,81.210,,
YAKUB ØZIL RENHOLD,935093783,ENK,0,81.210,,
YAVARI,934827740,ENK,0,81.210,,
YEBOAH VASK & TRANSPORT,924737301,ENK,0,81.210,,
YEFREMOV CLININO,933634167,ENK,0,81.210,,
YOCOIMA MARTINEZ MAID IN NORWAY,925578959,ENK,0,81.210,,
YRAN-SYVERSEN,931384023,ENK,0,81.210,,
YULIA LUPANDINA,925204854,ENK,0,81.210,,
YUSUF RENHOLD OG VEDLIKEHOLD JEMAL IBRAHIM MEBRAT,918637826,ENK,0,81.210,,
ZAK RENHOLD AS,925413763,AS,0,81.210,,
ZAMMIT,934209397,ENK,0,81.210,,
ZARAH FAMILIE,936619487,ENK,0,81.210,,
ZELENSKYI ALLTID RENHOLD 24/7,838133592,ENK,0,81.210,,
ZENI Anna Ratuszniak,995487837,ENK,0,81.210,,
ZENVASK NAZIR,937763824,ENK,0,81.210,,
ZID AYOUB RENHOLD,937126794,ENK,0,81.210,www.zsj3528.com,
ZIELINSKA SERVICE,933122204,ENK,0,81.210,,
ZITARES CLEANING,933563669,ENK,0,81.210,,
ZONZA DESIGN AS,993280720,AS,0,81.210,,
ZUZANNA PIASECKA CRYSTAL HOME,935223482,ENK,0,81.210,,
ZYSKOWSKA CLEANER BETTER THAN YOUR DINNER,931600087,ENK,0,81.210,,
ØKODAMP RENHOLD AS,824881162,AS,0,81.210,,
ØRN HOLDING AS TVANGSAVVIKLINGSBO,937132271,KBO,0,81.210,,
ØSTLAND RENHOLD FACILITY SERVICE ABDULLAHI ABDULLE ALI,922254931,ENK,0,81.210,,
ØYO INVEST AS,934343077,AS,0,81.210,,
ÅRNES MANJANA,937405189,ENK,0,81.210,,
A.I MOHAMED,933493881,ENK,0,81.220,,
ALEJANDRO FERNANDEZ GARCIA,934426886,ENK,0,81.220,,
ALFA INTERNATIONAL,924748494,NUF,0,81.220,,
ALKHALAF ALALI RENHOLD,837311012,ENK,0,81.220,,
ALN SERVICE NIELSEN,916543832,ENK,0,81.220,,
ARBEID FULL HEGE LANGØRGEN,932044455,ENK,0,81.220,,
ARIYATHASAN SELVSTENDIG NÆRINGSDRIVENDE,937273002,ENK,0,81.220,,
BYGG OG FASADEVASK MOLIN,925840890,ENK,0,81.220,,
CARLSEN VINDUSPUSS,836547322,ENK,0,81.220,,
CLEAN MASTER,924748508,NUF,0,81.220,,
CLEANING BEATA SAJ,837271622,ENK,0,81.220,,
COLOR CLEAN PORTILLO AS,936566766,AS,0,81.220,,
CORVARA INDUSTRI- OCH SKADESERVICE AB,911777460,NUF,0,81.220,,
DANIEL MARCOLETA,925771813,ENK,0,81.220,,
DRONEKOMPANIET AS,937206879,AS,0,81.220,,
FA.GSD GMBH,924748540,NUF,0,81.220,,
FEIE- OG TILSYNSTJENESTER AS,993919675,AS,0,81.220,www.tilsyn.no,
FLATLAND BYGÅRDSVASK,837648912,ENK,0,81.220,,
FLEKS PROFF RENHOLDSSERVICE AS,834515342,AS,0,81.220,,
FLYER AS,936957668,AS,0,81.220,,
GURUNG ENTERPRISES,931790110,ENK,0,81.220,,
HENRIKSEN SERVICE,933430936,ENK,0,81.220,,
HERMANN,937565216,ENK,0,81.220,,
HØYDETEKNIKK GILLES LEQUERREC,997254880,ENK,0,81.220,,
IBS GMBH,915541623,NUF,0,81.220,,
IOAN IONUT,934405463,ENK,0,81.220,,
IPSEN VINDUSVASK,928951464,ENK,0,81.220,,
IZABELA RENS AS,937023057,AS,0,81.220,,
JODIAN MAGIC CLEAN LIMITED,933349926,NUF,0,81.220,,
JOHANSSON FASADE OG TAKVASK,929101596,ENK,0,81.220,,
JUAREZ MONGE CLEANING HOME-SA,935542529,ENK,0,81.220,,
KARIUKI CLEANERS,935873185,ENK,0,81.220,,
KLEIVSTAD AS,937968493,AS,0,81.220,,
KRAFT VEDLIKEHOLD AS,932152371,AS,0,81.220,,
LAURENTIU DUTA,937567235,ENK,0,81.220,,
MAGNES VINDUSPUSS M KRISTIANSEN,970236597,ENK,0,81.220,,
MAGNUS HOFGAARD,929072561,ENK,0,81.220,,
MEDYNSKI-NADEEM PREMIUM SERVICE,933608166,ENK,0,81.220,,
MELHUS PIPESJEKK - ILDSTED OG SKORSTEINSERVICE,935999685,ENK,0,81.220,,
MIKALS FASADEVASK OG VEDLIKEHOLDS SERVICE DAVID BLOM,915385699,ENK,0,81.220,,
NEGASI,937390513,ENK,0,81.220,,
NORDIC HEIGHTS BY SISON,934674073,ENK,0,81.220,,
NORDIC INDUSTRIAL SERVICES AS,923592636,AS,0,81.220,,
NORDISK TAKVASK AS,937072600,AS,0,81.220,,
OLAUSSENS RENE FASADER,931478427,ENK,0,81.220,,
OSLO & OMEGN FASADEVASK AS,928660575,AS,0,81.220,,
OSLO GARASJEVASK AS,935655560,AS,0,81.220,,
OSLO VIKEN VINDUSVASK CHADMANI,926363786,ENK,0,81.220,,
PEDER-ELLEFSEN,935911419,ENK,0,81.220,,
PETTERS LORENTZ MORÆUS-HANSSEN,931665324,ENK,0,81.220,,
PRO VASK OG FASADE LUCIANO DENNIS KWIEK,922921512,ENK,0,81.220,,
PRORENS AS,986193421,AS,0,81.220,,
PURE RENHOLD BARBARA MORGA,932400367,ENK,0,81.220,,
REN FASADE HELENA VORSA JENSEN,979706014,ENK,0,81.220,,
REN TEKNIKK NORGE AS,918096388,AS,0,81.220,,
RENE FASADER AS,935269318,AS,0,81.220,,
RENFASADE DA,989299131,DA,0,81.220,,
RENHOLD MASLANKA,937038100,ENK,0,81.220,,
RENTHJEM - GRANERUD,933968081,ENK,0,81.220,,
ROMA VÄXTHUS CONSULTING,933878740,NUF,0,81.220,,
SALIMI CONSULTING & GRAFFITI SERVICE,931547372,ENK,0,81.220,,
SATRAN VINDUSPUSS,937419635,ENK,0,81.220,,
SCANGLOB AS,935831458,AS,0,81.220,,
SEREON AS,912796949,AS,0,81.220,,
SKINNENDE TAK OG FASADE SPRANGAUSKAS,927523493,ENK,0,81.220,,
SKYPROFF AS,918912843,AS,0,81.220,skyproff.com,
SOFIA RENS OG RENHOLD KAYALI,935832454,ENK,0,81.220,,
SPRÄNGSOTNING AB,895012122,NUF,0,81.220,,
SÅKLART VINDUSPUSS AS,937386397,AS,0,81.220,,
TIUNIS PROWASH,937394349,ENK,0,81.220,,
TRASBORG AS,992173939,AS,0,81.220,,
UTRENS KHALID,937778457,ENK,0,81.220,Utrens.no,
VENTILASJONSSPESIALISTEN AS,934223780,AS,0,81.220,,
VERTIKAL TEKNIKK XAVIER TABOURDEAU,997254910,ENK,0,81.220,,
VESELOV,933398110,ENK,0,81.220,,
VESTRE RENHOLD,986818944,ENK,0,81.220,,
VINDUSPUSS AS,916210485,AS,0,81.220,,
WINDOW DRESSING AS,919444452,AS,0,81.220,,
ZEN PAWEL SZYMANSKI,932031566,ENK,0,81.220,,
ÅGREN UTVENDIG RENHOLD,920778488,ENK,0,81.220,,
AANNERUD FIX,931168274,ENK,0,81.220,,
