clinic,city,address,phone,website,rating,reviews,status
"Sanner Tannklinikk / Tannlegevakt","Oslo","Sannergata 38B, 0557 Oslo","22 37 41 74","https://sannertannklinikk.no/","4.9","150","new"
"Tannlegevakt-Optimal Dental","Oslo","Tordenskiolds gate 7, 0160 Oslo","41 28 50 85","http://www.optimaldentaloslo.no/","4.9","107","new"
"Oslocity tannlegesenter","Oslo","Brugata 1, 0186 Oslo","95 33 99 99","https://www.oslocitytannlege.no/","4.8","98","new"
"Eurodent Oslo tannklinikk og oralkirurgi","Oslo","Akersgata 16, 0158 Oslo","21 06 66 66","https://eurodent.no/tannlege-oslo","4.4","232","new"
"Tanntunet Tannhelsesenter Oslo","Oslo","Nydalen allé 71, 0485 Oslo","22 15 00 00","https://tanntunet.no/","4.8","94","new"
"Valkyrien Tannlegesenter","Oslo","Sorgenfrigata 15, 0365 Oslo","96 70 07 77","https://tannlegevoslo.no/","4.9","65","new"
"Fjærvik klinikken AS","Oslo","Sommerrogata 13, 0255 Oslo","21 63 16 00","http://fktannlege.no/","4.9","147","new"
"Mer Klinikken","Oslo","Beddingen 4, 6, 0250 Oslo","23 65 11 77","https://www.mer-klinikken.no/","4.8","289","new"
"Bislett Tannhelsesenter","Oslo","Pilestredet 75D, 0354 Oslo","22 15 50 17","https://bislettannhelsesenter.no/","4.8","96","new"
"TANNAKUTTEN","Oslo","Hansteens gate 3, 0253 Oslo","815 00 345","http://www.tannakutten.no/","4.8","49","new"
"Stortorvet Tannhelsesenter","Oslo","Karl Johans gt. 13, 0154 Oslo","22 41 66 90","https://www.stortann.no/","5","11","new"
"Baltic Tannklinikk","Drammen","Gamle Kirkeplass 4, 3019 Drammen","41 34 10 10","https://www.baltictannklinikk.no/","4.9","304","new"
"Tannfeen Drammen","Drammen","Hauges gate 19, 3019 Drammen","32 83 90 00","https://tannfeen.no/klinikk/drammen/","4.6","199","new"
"Tenners venner AS - Din lokale Tannlege og Tannpleier i Drammen","Drammen","Vårveien 24, 3024 Drammen","32 82 38 30","https://tennersvenner.no/","5","10","new"
"Tannlege Reidar Bjørkli","Drammen","Bragernes Torg 4, 3017 Drammen","32 83 41 13","http://www.tannlegebjorkli.com/","4.3","6","new"
"Tannlege Tom Stokke","Drammen","Tollbugata 5, 3044 Drammen","32 20 00 40","https://tannlegetomstokke.no/","4.3","4","new"
"Babak Teimouri","Drammen","Nedre Storgate 13, 3015 Drammen","32 83 69 34","https://www.legelisten.no/tannleger/12071-babak-teimouri","5","11","new"
"Tannlege Anne Sofie Hovde Helgesen","Drammen","Torgeir Vraas Plass 4, 3044 Drammen","32 83 10 54","","5","1","new"
"Tannlege Sissel Helgetveit","Drammen","Bragernes Torg 4, 3017 Drammen","32 83 52 94","http://helgetveit.no/","5","8","new"
"Sentrum tannlegekontor AS","Drammen","Nedre Storgate 13, 3015 Drammen","32 83 69 34","","2.7","3","new"
"Tannlege Bjørn Frode Hansen","Drammen","Nedre Storgate 11a, 3015 Drammen","32 83 60 62","","5","1","new"
"Tannlege Juliana Pinheiro Garder","Drammen","Nedre Storgate 11, 3015 Drammen","32 83 35 29","","5","2","new"
"Tannlege Hans Morten Alm","Drammen","Øvre Torggate 10, 3017 Drammen","32 83 60 00","http://www.drammen-tannlegesenter.no/teamene","5","1","new"
"Spesialistklinikken Union Brygge","Drammen","Grønland 40, 3045 Drammen","97 47 43 00","http://www.spesialistklinikken-unionbrygge.no/","4.3","12","new"
"Tannlege Arild Mo","Drammen","Torgeir Vraas Plass 4, 3044 Drammen","32 83 10 54","","4","4","new"
"Bragernes Endospesialist AS","Drammen","Bragernes Torg 4, 3017 Drammen","32 89 98 60","http://www.bragernesendospesialist.com/","4.3","22","new"
"Tannlege Erik Gjemmestad","Drammen","Hotvetveien 130, 3023 Drammen","32 82 07 00","","5","2","new"
"Tannlege Brox","Drammen","Bragernes Torg 13, inng. C (Nedre Storgate), 3017 Drammen","32 83 61 63","http://www.tannlegebrox.no/","4","7","new"
"Drammen Oralkirurgi","Drammen","Torgeir Vraas Plass 6, 3044 Drammen","32 27 67 50","","4.6","9","new"
"Knut Tannlege Ivarsson","Drammen","Nedre Storgate 13, 3015 Drammen","32 83 87 45","","4","1","new"
"Tannlege Terje Døviken AS","Drammen","Torgeir Vraas Plass 6, 3044 Drammen","32 27 67 50","","","","new"
"Drammen Tannlegesenter","Drammen","Bjørnstjerne Bjørnsons gate 21, 3044 Drammen","32 83 38 72","https://drammentannlegesenter.no/","","","new"
"Strømsø tannklinikk","Drammen","Torgeir Vraas Plass 6, 3044 Drammen","32 26 40 94","","","","new"
"Reidun Sprauten Uhre","Drammen","Øvre Storgate 4, 3018 Drammen","32 20 28 70","","","","new"
"Strømsø Kjeveortopedi AS","Drammen","Tollbugata 5, 3044 Drammen","32 83 30 00","https://www.stromsokjeveortopedi.no/","2.8","4","new"
"skydent as","Drammen","Tordenskiolds gate 22, 3044 Drammen","98 84 87 11","https://tannlege.drammen.no/","","","new"
"Drammen implantatsenter","Drammen","Bjørnstjerne Bjørnsons gate 21, 3044 Drammen","32 83 38 72","https://www.drammenimplantatsenter.no/","","","new"
"Drammen Tanntekniske laboratorium","Drammen","Torgeir Vraas Plass 2, 3044 Drammen","47 47 54 44","","","","new"
"Tannlege Weam El-Athamna","Drammen","Nedrejordet 85, 3028 Drammen","90 95 05 35","","","","new"
"Tannlegene Sveinsson & Moen","Drammen","Vestsideveien 5, 3403 Lier","32 84 60 52","http://www.liertannlegene.no/","5","12","new"
"Tannlege Jostein Løne","Drammen","Bragernes Torg 13, 3017 Drammen","32 83 61 63","","","","new"
"Tannlege Hans J. Salvesen","Drammen","Torgeir Vraas Plass 2, 3044 Drammen","32 20 00 44","","2","2","new"
"Tannlege AI","Drammen","Landfalløya 92, 3023 Drammen","","","","","new"
"Tannlege Aud Brustad Mellbye","Drammen","Øvre Torggate 10, 3017 Drammen","32 83 60 00","","","","new"
"Tannlege Bjarne Vangsnes","Drammen","Nedre Storgate 13, 3015 Drammen","32 83 26 40","","","","new"
"Bjørn Sæther Tannlege","Drammen","Torgeir Vraas Plass 6, 3044 Drammen","32 27 67 50","","","","new"
"Tannlege Jan M. Martinsen","Drammen","Øvre Torggate 10, 3017 Drammen","48 12 90 42","","","","new"
"Tannlege Bjelland & Co","Bergen","Torggaten 3, 5014 Bergen","55 31 98 66","https://tannlegebjelland.no/","5","266","new"
"Estetika Tannklinikk - Tannlege Bergen","Bergen","Svingen 17, 5161 Laksevåg","56 90 40 04","https://estetikatannklinikk.no/","4.9","250","new"
"TANNLEGE BAUGE AS","Bergen","Solheimsgaten 58, 5054 Bergen","55 59 59 65","https://tannlegebauge.no/","5","18","new"
"Kronstad Tannlegesenter","Bergen","Kanalveien 109, 5068 Bergen","55 29 47 11","http://tannlegeslettestol.no/","5","10","new"
"Tannlege Trond Grindheim","Bergen","Strandgaten 18, 5014 Bergen","55 23 23 99","","5","2","new"
"tannlegevakten privat","Bergen","Rådhusgaten 4, 5014 Bergen","92 91 97 07","https://www.tannlegevaktbergen-privat.no/","5","3","new"
"Arne Tannlege MNTF Fotland","Bergen","Strandgaten 197, 5004 Bergen","55 23 00 01","","5","4","new"
"Tannlege Njål Askeland","Bergen","Fageråsveien 2, 5067 Bergen","55 28 89 43","https://tannlegeaskeland.no/","5","12","new"
"Tim Szkobcov","Bergen","Rådhusgaten 4, 5014 Bergen","","http://kjeveortopedibergen.no/","4.6","13","new"
"Tannlege Anette Amundsen AS","Bergen","Nygårdsgaten 4, 5015 Bergen","45 87 83 00","http://www.tannlegeamundsen.no/","4.7","30","new"
"Tannlege Tyssekvam","Bergen","Starvhusgaten 2, 5014 Bergen","55 55 85 45","","5","6","new"
"Tannlegevakten","Bergen","Solheimsgaten 18, 5058 Bergen","55 31 03 10","","3.4","45","new"
"Tannlege i Bergen","Bergen","Strandkaien 16, 5013 Bergen","55 61 20 90","","","","new"
"Tannlege Tom R. Paulseth AS","Bergen","Strandgaten 5, 5013 Bergen","55 90 10 26","","5","2","new"
"Tannlege Arne Lund AS","Bergen","Strandgaten 5, 5013 Bergen","55 32 08 04","http://www.broegelmann.no/","5","3","new"
"Tannlege Kristoffer Øvstetun","Bergen","Markeveien 4C, 5012 Bergen","55 90 14 26","http://www.tannlege-ovstetun.no/","5","4","new"
"Tannlege Marianne Lægreid","Bergen","Strandgaten 5, 5013 Bergen","55 90 10 26","","5","1","new"
"Terje Mikkelsen Tannlege","Bergen","Torget 11, 5014 Bergen","55 31 67 22","","5","2","new"
"Tannlege Sturle Tvedt","Bergen","Strandgaten 18, 5013 Bergen","55 23 24 00","","5","4","new"
"Torbjørn Lem Gjesteland","Bergen","Dreggsallmenningen 10, 5003 Bergen","55 31 72 10","","5","1","new"
"Tannlege Tore Norderval AS","Bergen","Ulriksdal 1, 5009 Bergen","95 00 22 00","http://www.tannlegenorderval.no/","5","4","new"
"Tannlege Hans-Petter Hille","Bergen","Dreggsallmenningen 10, 5003 Bergen","55 32 85 78","http://dreggentann.no/","5","1","new"
"Tannlege Frida B. Forland","Bergen","Olav Kyrres gate 33, 5014 Bergen","55 31 66 61","http://www.tannlegeforland.no/","5","7","new"
"Bradbenken Dental | Tannlege Trine Aasen & Co","Bergen","Bradbenken 1, 5003 Bergen","55 23 34 20","https://www.bradbenkendental.no/","5","1","new"
"Nydal Birte Tannlege","Bergen","Fjæresmauet 6, 5017 Bergen","55 31 02 81","","5","1","new"
"Sletten Tannlegesenter","Bergen","Sletten Senter, Vilhelm Bjerknes' vei 4, 5081 Bergen","55 27 30 90","http://www.slettentannlegesenter.no/","5","3","new"
"Sammen Tannhelse","Bergen","Solheimsgaten 23, 5054 Bergen","55 54 52 63","https://www.sammen.no/no/bergen/helse/tannlege","2.6","13","new"
"Solheimsviken tannklinikk","Bergen","Solheimsgaten 18, 5058 Bergen","55 33 75 80","https://www.tannlegernorge.no/vestland/bergen/solheimsviken-tannklinikk/","2.6","34","new"
"Siren Skaale","Bergen","Tverrgaten 7, 5017 Bergen","55 32 51 87","","5","2","new"
"Tannlege Sverre Eldrup AS","Bergen","Strandgaten 5, 5013 Bergen","55 90 02 30","","5","4","new"
"Tannlege Mette Rogne","Bergen","Kong Oscars gate 43, 5017 Bergen","55 32 80 96","","5","5","new"
"Tellef Øy Tannlege","Bergen","Olav Kyrres gate 33, 5014 Bergen","55 31 58 86","https://tannlege-oy.no/","4.5","8","new"
"Tannlegesentralen avd Sentrum","Bergen","Komediebakken 9, 5010 Bergen","55 31 60 04","http://www.tannlegesentralen.no/","3.7","7","new"
"Truls S Vatne Tannlege (Fortunen)","Bergen","Fortunen 5, 5013 Bergen","55 90 11 29","","5","3","new"
"Tannklinikken Dent - Trondheim","Trondheim","Gjelvangveita 9, 7010 Trondheim","73 80 55 10","https://dent.as/","4.2","24","new"
"Tannlege Raymond de Freitas AS","Trondheim","Carl Johans gate 3, 7010 Trondheim","73 52 77 44","","5","2","new"
"Sentral Dental AS","Trondheim","Fosenkaia 3, 7010 Trondheim","73 53 45 36","http://www.sentraldental.no/index.php/kontakt-oss","4.9","21","new"
"Tannlege Wiggo Randers AS","Trondheim","Sandgata 26A, 7012 Trondheim","73 52 48 68","","5","2","new"
"Tannlege Randi Rian Five","Trondheim","Dronningens gate 23, 7012 Trondheim","73 52 08 75","","5","1","new"
"Abelgården Tannklinikk AS","Trondheim","Falkenborgvegen 35 C, 2 etasje, 7044 Trondheim","73 53 28 16","https://abelgardentannklinikk.no/","4.5","17","new"
"Tannlege Arne-Henrik Finnanger","Trondheim","Jakobslivegen 1, 7058 Jakobsli","92 11 01 02","http://www.tannlege-finnanger.no/","5","1","new"
"Tannlege Hanne Bach","Trondheim","Olav Tryggvasons gt. 24, 7011 Trondheim","73 52 87 44","http://www.abc-tannklinikken.no/","5","1","new"
"Tannlege Hanne Marita Spissøy","Trondheim","Carl Johans gate 3, 7010 Trondheim","73 53 03 15","","4.8","4","new"
"Nordre Tannhelse","Trondheim","Nordre gate 12, 7011 Trondheim","73 84 13 20","","5","3","new"
"Angelltrøa tannklinikk v/Jan Olav Nilsen","Trondheim","Granåsvegen 33, 7048 Trondheim","73 91 67 90","https://www.angelltann.no/","5","8","new"
"Lars Husby","Trondheim","Gjelvangveita 9, 7010 Trondheim","73 52 99 55","","5","1","new"
"Valentinlyst Tannlegekontor","Trondheim","Anders Estenstads veg 14, 7046 Trondheim","73 91 13 13","https://valentinlysttannlegekontor.no/","3.2","15","new"
"Terje Wold AS","Trondheim","Olav Tryggvasons gt. 24, 7011 Trondheim","73 52 07 97","","5","1","new"
"Tore Bjørndal Ulstein Tannlege","Trondheim","Falkenborgvegen 35C, 7044 Trondheim","73 53 28 16","https://tannlege.nu/trondheim/tannlege-tore-bjorndal-ulstein/","5","3","new"
"Tannlegeklinikken tre Kronor","Trondheim","Olav Tryggvasons gt. 24, 7011 Trondheim","73 52 52 21","https://www.trekronor.no/","4.8","5","new"
"Ranheim tannklinikk","Trondheim","Ranheimsvegen 172, 7055 Ranheim","74 17 58 88","","4.3","9","new"
"Leüthenhaven P-hus","Trondheim","Erling Skakkes gate, 7012 Trondheim","73 10 98 80","http://trondheimparkering.no/","3.7","216","new"
"Tannlege Øvrelid","Trondheim","Olav Tryggvasons gt. 24, 7011 Trondheim","73 80 95 30","http://tannlegeovrelid.no/","4.3","6","new"
"Eliassen Tannhelse - Tannlege Trondheim","Trondheim","Olav Tryggvasons gt. 24, 7011 Trondheim","72 60 60 30","","","","new"
"Tannlege Trond Holstad AS Tannregulering","Trondheim","Kongens gate 30, 7012 Trondheim","73 50 50 23","","4","16","new"
"Tannlegegården","Trondheim","Sandgata 26A, 7012 Trondheim","73 89 98 00","","3","2","new"
"Tanngarden","Trondheim","Prinsens gt. 41, 7012 Trondheim","","","4","1","new"
"Tannlege Anne Kathrine Lehn","Trondheim","Olav Tryggvasons gt. 24, 7011 Trondheim","72 60 60 30","","","","new"
"Kjeveortoped Brusveen AS","Trondheim","Kongens gate 30, 7012 Trondheim","73 52 14 17","http://kjeveortoped-brusveen.no/","3.5","11","new"
"Tannlege Leif Henrik Borge Olsen AS","Trondheim","Skavlans veg 26, 7022 Trondheim","95 88 89 77","","","","new"
"Tannreg AS","Trondheim","Mellomveien 2A, 7067 Trondheim","73 52 54 88","","1","6","new"
"Thorleif Weie","Trondheim","Mellomveien 1, 7042 Trondheim","95 23 67 15","","","","new"
"Kjell Tannlege Ulsund AS","Trondheim","Nedre Bakklandet 58C, 7014 Trondheim","73 56 88 00","","","","new"
"Apollonia Tannlegesenter","Stavanger","Klubbgata 2B, 4013 Stavanger","95 98 68 56","https://apolloniadental.no/","5","6","new"
"Østervågtannlegene - Tannlege i Stavanger","Stavanger","Sølvberggata 16, 4006 Stavanger","51 89 50 80","http://otann.no/","4.7","14","new"
"Hillevågstannlegene","Stavanger","Gartnerveien 41, 4016 Stavanger","51 82 72 72","https://hillevagstannlegene.no/","4.9","14","new"
"Vennadent Tannklinikk","Stavanger","Petroleumsveien 6, 4033 Stavanger","51 80 00 52","https://vennadent.no/","4.9","25","new"
"Tannlege Hans Kristian Ognedal","Stavanger","Løkkeveien 101, 4008 Stavanger","51 52 03 17","http://www.bratann.no/","5","7","new"
"Tannlegene Nag & Prokes","Stavanger","Løkkeveien 51, 4008 Stavanger","51 52 12 23","http://nogp.no/","5","4","new"
"Stavanger Tann- og Kjeveklinikk","Stavanger","St. Olavs Gate 7, 4005 Stavanger","51 53 01 99","https://stavangertann.no/","5","8","new"
"Jone Heggheim Tannlege","Stavanger","Løkkeveien 99, 4008 Stavanger","40 46 28 92","https://booking.bykronen-dental.no/jone-heggheim","","","new"
"Tannlegene på Sølvberget AS","Stavanger","Kirkegata 13, 4006 Stavanger","51 22 49 15","http://www.perleraden.net/","3.7","3","new"
"Tannlege Geir Tidemann Førland","Stavanger","Kongsgata 10, 4005 Stavanger","51 85 60 30","","5","1","new"
"Tannlege Stig Ohm","Stavanger","Løkkeveien 56, 4008 Stavanger","51 53 75 40","","","","new"
"Tor Oldrik Einarsen Tannlege","Stavanger","Klubbgata 2, 4013 Stavanger","51 85 60 30","","4.5","2","new"
"Tannlege Janette Serene Galdal Hansen","Stavanger","Kirkegata 3, 4006 Stavanger","51 55 89 00","","3.7","3","new"
"Tannlegene i Centralgaarden","Stavanger","Kirkegata 3, 4006 Stavanger","51 89 30 60","http://www.centralgarden.no/","5","1","new"
"Lene Bøe Tannlege Burgaard","Stavanger","Løkkeveien 51, 4008 Stavanger","","","5","1","new"
"Tannlege Torbjørn Aareskjold","Stavanger","Madlamarkveien 2, 4041 Hafrsfjord","51 58 86 83","http://www.tannlegeteamet.no/","5","6","new"
"Tannlegene i Velværegården","Stavanger","Fjellbergveien 5, 4085 Hundvåg","51 89 30 60","http://www.velvaregarden.no/","5","16","new"
"Tannlege Anne Live Omholt","Stavanger","Randabergveien 45, 4025 Stavanger","51 56 59 00","http://tannklinikkomholtlie.no/","5","1","new"
"Tannlegene i St. Olav","Stavanger","Kannikbakken 6, 4005 Stavanger","51 52 84 52","http://www.tisto.no/kontakt","1","2","new"
"Tenner og Trivsel","Stavanger","Gartnerveien 15, 4016 Stavanger","51 52 96 18","https://www.tennerogtrivsel.no/","4.5","15","new"
"Tannlege Christian Tønnessen AS","Stavanger","Hamneveien 15, 2 Etasje, 4016 Stavanger","51 55 55 45","","5","7","new"
"Tannlege Ole Chr. Amundsen AS","Stavanger","Haakon VIIs gate 7, 4005 Stavanger","51 56 52 50","http://tannforum.no/","3.9","7","new"
"Stokkaveien tannlegekontor","Stavanger","Stokkaveien 45, 4024 Stavanger","51 52 50 70","http://www.stokkatann.no/kontakt","4.5","23","new"
"Bjørn Mølster","Stavanger","Kirkegata 13, 4006 Stavanger","51 89 42 43","","5","1","new"
"Tannlegene Hetland AS","Stavanger","Hinnasvingene 50, 4020 Stavanger","51 88 15 80","http://www.tannlegenehetland.no/","2.5","4","new"
"Tannlege Tore Tjosevik AS","Stavanger","Heddeveien 120, 4034 Stavanger","51 57 14 98","","4.7","3","new"
"Tannleger","Stavanger","Nedre Holmegate 9A, 4006 Stavanger","","","","","new"
"Torjer Bertelsen","Stavanger","Kongsgata 10, 4005 Stavanger","91 19 80 23","https://www.opendi.no/stavanger/74941.html","5","1","new"
"Tannlege Marke Franca","Stavanger","Heddeveien 120, 4034 Stavanger","51 57 14 98","","5","1","new"
"Sander & Büchner ANS","Stavanger","Østervågkaien 1, 4006 Stavanger","51 89 50 80","","5","1","new"
"DMDL TANNKLINIKK & TANNLEGEVAKT","Kristiansand","på hjørne, Festningsgata 39, 2 etasje, 4611 Kristiansand","94 09 99 33","https://dmdldental.no/","4.8","123","new"
"Tannlege Klouman Kristiansand","Kristiansand","Skippergata 1b, 4611 Kristiansand","38 02 24 63","http://www.tannlegeklouman.no/","5","61","new"
"Kjøita tannklinikk","Kristiansand","Kjøita 17, 4630 Kristiansand","38 60 35 20","http://www.kjoitatannklinikk.no/","4.6","20","new"
"Elvebredden Tannlegesenter","Kristiansand","Nedre Lunds vei 1, 4630 Kristiansand","38 09 27 00","http://www.elvebredden-tannlegesenter.no/","4.4","14","new"
"Active Branch As","Kristiansand","Dronningens gate 4, 4610 Kristiansand","38 02 23 13","","5","4","new"
"Tannlege Torjesen","Kristiansand","Dronningens gate 4, 4610 Kristiansand","38 60 15 51","","5","1","new"
"Tannregulering Sør AS","Kristiansand","Østre Strandgate 56, 4608 Kristiansand","91 86 10 46","https://www.tannregsor.no/","3.1","64","new"
"Spesialistklinikk AS","Kristiansand","Vestre Strandgate 42, 4612 Kristiansand","38 02 55 22","https://spesialistklinikk.com/","5","1","new"
"Vågsbygd Tannhelsesenter","Kristiansand","Kirsten Flagstads vei 30, 4621 Kristiansand","38 08 53 52","http://vågsbygdtannlege.com/","4.5","11","new"
"Industrigata Tannlegesenter","Kristiansand","Industrigata 4, 4632 Kristiansand","","","5","2","new"
"Syrtveit Dental AS","Kristiansand","Tordenskjolds gate 16, 4612 Kristiansand","38 12 46 46","","5","2","new"
"Tannlege Susanne Hou Pedersen","Kristiansand","Gyldenløves gate 5, 4611 Kristiansand","38 12 09 60","https://tannlegeneigyldenlovesgate.no/","3","2","new"
"Randesund Tannlegesenter","Kristiansand","Lauvåsen Hovedvei 1, 4656 Hamresanden","38 14 83 90","","5","1","new"
"Tannlegene Røisland og Merde AS","Kristiansand","Holbergs gate 54, 4614 Kristiansand","38 02 99 11","","5","3","new"
"Akutt Tannlege","Kristiansand","Kongens gate 7B, 4610 Kristiansand","","","","","new"
"Tannregulering Kristiansand AS","Kristiansand","Henrik Wergelands gate 17A, 4612 Kristiansand","38 02 31 90","http://www.tannregulering-krs.com/","4.2","28","new"
"Tannlege Dr Sean S Attariani D.M.D.","Kristiansand","Marviksveien 1, 4631 Kristiansand","94 22 45 91","","3.5","2","new"
"Vali Honarmandi","Kristiansand","Heilosvingen 14, 4626 Kristiansand","38 62 01 40","","4.4","7","new"
"Tannlege Lind AS","Kristiansand","Barstølveien 36A, 4636 Kristiansand","","","5","1","new"
"KVADRATUREN TANNREGULERING Eva Hasund","Kristiansand","Markens gate 42, 4612 Kristiansand","38 04 85 00","http://helsehusetkristiansand.no/barbel-hasund","4","2","new"
"Tannlege Håkstad Glad As","Kristiansand","Markens gate 36, 4612 Kristiansand","","","","","new"
"Tinnheia tannlegekontor AS","Kristiansand","Tinnheiveien 20, 4629 Kristiansand","38 03 06 88","","4","4","new"
"HELSEHUSET KRISTIANSAND","Kristiansand","Markens gate 42, 4612 Kristiansand S","","https://www.helsehusetkrs.no/","4.6","8","new"
"Jan Trydal","Kristiansand","Vestre Strandgate 42, 4612 Kristiansand","38 12 06 66","","","","new"
"Sør Dental","Kristiansand","Dronningens gate 4, 4610 Kristiansand","38 07 00 07","","","","new"
"Tannlege Tor Myrmel AS","Kristiansand","Kongens gate 7B, 4610 Kristiansand","38 02 73 30","","","","new"
"Eirik Nesheim Tannlege AS","Kristiansand","Industrigata 4, 4632 Kristiansand","38 09 54 10","","","","new"
"Christianssand Dentallaboratorium","Kristiansand","Vestre Strandgate 42, 4612 Kristiansand","38 02 50 25","http://www.chrdental.no/","5","1","new"
"Tannlege Løvdal As","Kristiansand","Markens gate 36, 4612 Kristiansand","","","","","new"
"TANNLEGE ANE RIBE NERLAND AS","Kristiansand","Mauds vei 36, 4633 Kristiansand","48 86 60 00","","","","new"
"Tor Erling Jahnsen","Kristiansand","Tordenskjolds gate 16, 4612 Kristiansand","90 13 01 47","","","","new"
"Helseklinikken Fredrikstad","Fredrikstad","Storveien 3a, 1624 Gressvik","48 90 37 11","https://helseklinikker.no/","4.8","33","new"
"Kråkerøytannlegene AS","Fredrikstad","Jens Wilhelmsens gate 1, 1671 Fredrikstad","69 33 11 16","https://www.kråkerøytannlegene.no/","4.6","27","new"
"Stines Tannklinikk","Fredrikstad","Bryggeriveien 13, 1607 Fredrikstad","98 03 00 00","","5","11","new"
"Tannlege Nguyen Nguyen Nguyen","Fredrikstad","Gunnar Nilsens gate 14, 1607 Fredrikstad","69 31 66 56","","4.3","3","new"
"Dorota Tannlege Mielnicka","Fredrikstad","Stortorvet 5/7, 1607 Fredrikstad","69 31 25 01","","4.8","4","new"
"Tannlege Bente Bjørklund","Fredrikstad","Hans Jacob Nilsens gate 12, 1606 Fredrikstad","69 31 93 65","","5","3","new"
"Tannlege Thomas Gjølstad","Fredrikstad","Nygaardsgata 49/51, 1607 Fredrikstad","69 31 24 24","http://www.gjoelstad.no/","4.4","7","new"
"Marianne Hannås Tannlege","Fredrikstad","Bryggeriveien 6, 1607 Fredrikstad","69 31 17 92","","4.6","9","new"
"Ulf Gerhard Boman","Fredrikstad","Rektor Østbyes gate 4, 1604 Fredrikstad","69 39 09 00","","5","7","new"
"Fredrikstad tannklinikk, avdeling Borge","Fredrikstad","Farmanns gate 13B, 1607 Fredrikstad","69 11 77 00","","3.2","6","new"
"Balder tannklinikk As","Fredrikstad","Glemmengata 47, 1608 Fredrikstad","69 31 51 00","http://www.b-t.no/","4.2","9","new"
"A. Varreng tannklinikk","Fredrikstad","Stortorvet 5, 1607 Fredrikstad","69 31 79 79","http://tannlegevarreng.no/","4.2","5","new"
"Kai B Hannestad","Fredrikstad","Farmanns gate 2, 1607 Fredrikstad","69 36 88 00","","5","2","new"
"Tannlegene Arntzen Og Langvik","Fredrikstad","Brønneløkkveien 2, 1604 Fredrikstad","","","5","2","new"
"Tannlegene i Fredrikstad","Fredrikstad","Bryggeriveien 6, 1607 Fredrikstad","69 31 17 92","http://www.tannlegeneifredrikstad.no/","","","new"
"Tannlegene Steinum","Fredrikstad","Farmanns gate 13, B, 2 etg, 1607 Fredrikstad","69 31 25 27","","","","new"
"Tannlege Finn Andre Hammer","Fredrikstad","Farmanns gate 2, 1607 Fredrikstad","69 36 88 00","","","","new"
"Tannlege Anne Marte Frestad Andersen","Fredrikstad","Farmanns gate 13B, 1607 Fredrikstad","98 13 23 82","","","","new"
"Østfoldhallen Tannklinikk","Fredrikstad","Dikeveien 28, 1661 Fredrikstad","40 06 15 15","https://www.ostfoldhallentannklinikk.no/","3.4","8","new"
"Ørebekk Tannklinikk (tannlege Vidar Rønning)","Fredrikstad","Storveien 7, 1624 Gressvik","69 31 76 17","http://tannlegeronning.no/","5","4","new"
"Tannlege Homayoun Riazati AS","Fredrikstad","Nygaardsgata 3, 1606 Fredrikstad","69 31 32 82","","","","new"
"Annas Tannklinikk","Fredrikstad","Stortorvet 5, 1607 Fredrikstad","69 31 01 43","https://www.annastannklinikk.no/","","","new"
"Tannlege Annie Munezero","Fredrikstad","Nygaardsgata 3, 1606 Fredrikstad","45 06 08 80","","","","new"
"Tannlege Albena Simeonova Popova","Fredrikstad","Stortorvet 5, 1607 Fredrikstad","69 31 01 43","","","","new"
"Denta AS","Fredrikstad","Nygaardsgata 7, 1606 Fredrikstad","69 31 53 73","","","","new"
"Tannlege Irma Hidanovic","Fredrikstad","Storveien 3A, 1624 Gressvik","99 33 22 00","https://www.linkedin.com/authwall?trk=ripf&trkInfo=AQFGhDw-wzzMWwAAAXc_4fkwLvvBAEYzkIjuVTQDufF5rnaUl1_FVckhxQtoRnRXeR66P6iefY7nxmo0NY4zxhxSjN3_2qwwiq91NebQCmrIqD05RaywQ2YUQBq9F4vV8E-bBVY=&originalReferer=https://www.google.com/&sessionRedirect=https%3A%2F%2Fno.linkedin.com%2Fin%2Firma-hidanovic-glumcevic-b461971b6","4.6","9","new"
"Kambo Tannklinikk","Fredrikstad","Skredderveien 2, 1537 Moss","69 25 25 00","http://www.kambotannklinikk.no/","5","101","new"
"Dentistry AS","Fredrikstad","Farmanns gate 2, 1607 Fredrikstad","69 31 83 00","","","","new"
"Svein Yngvar Lund","Fredrikstad","Storgata 10, 1607 Fredrikstad","92 83 89 11","","","","new"
"Anna Simeonova Popova","Fredrikstad","Bryggeriveien 16, 1607 Fredrikstad","45 07 87 38","","","","new"
"Manstad Tannklinikk","Fredrikstad","Engelsvikenveien 111, 1626 Manstad","69 31 60 60","https://manstadtannklinikk.no/","5","3","new"
"Glade smil Tannlege AS","Sandnes","Langgata 41, 4306 Sandnes","45 91 10 20","http://www.gladesmil32.no/","4.6","38","new"
"Bernt Vidar Vagle - Tannlege","Sandnes","Storgata 43, 4307 Sandnes","51 68 14 00","http://tannlegevagle.no/","4.2","5","new"
"Tannlege Rønneberg","Sandnes","Langgata 50, 4306 Sandnes","47 99 88 77","http://tannlegerønneberg.no/","4.4","13","new"
"Geir Olav Klette","Sandnes","Industrigata 8, 4307 Sandnes","51 66 46 13","","","","new"
"Tannlege Fahri M Demirbas AS","Sandnes","Holbergs gt. 22, 4306 Sandnes","48 04 46 70","https://tannlegefahri.no/","","","new"
"Tannlege Avan Bamerni","Sandnes","Holbergs gt. 22, 4306 Sandnes","48 04 46 70","","5","3","new"
"Sigmund Rønneberg","Sandnes","Nikkelveien 20, 4313 Sandnes","51 67 76 25","https://tannlegeronneberg.no/","5","1","new"
"Marit O Meling","Sandnes","Asheimveien 2, 4318 Sandnes","51 97 27 37","","3.5","2","new"
"Tannlegene Meling & Gjersem","Sandnes","Asheimveien 2, 4318 Sandnes","51 97 27 37","","3.5","2","new"
"Tannlege Martin Kretschmar","Sandnes","Storgata 43, 4307 Sandnes","51 68 14 00","","","","new"
"Tannlege May Brit Høyvik","Sandnes","Storasteinen 18 H, 4318 Sandnes","","","","","new"
"Tannlege Jan Skram Ellingsen","Sandnes","Industrigata 1, 4307 Sandnes","51 66 28 03","","","","new"
"Tannlege Guttorm Haug","Sandnes","Jærveien 84, 4319 Sandnes","","","","","new"
"Dental Pluss AS","Sandnes","c/o, Fredrik Stangs gate 21A, 4317 Sandnes","94 83 68 00","https://dentalpluss.no/","","","new"
"Jan Helge Brandsdal","Sandnes","Vølstadveien 20, 4316 Sandnes","51 62 49 96","","","","new"
"Tannlegespesialistene AS","Tromsø","Strandskillet 5b, 9008 Tromsø","77 28 01 00","http://www.tannlegespesialistene.no/","5","5","new"
"Tannbygget","Tromsø","Institutt for klinisk odontologi, Hansine Hansens veg 86, 9019 Tromsø","","","4.5","10","new"
"Tannlege Ranghild Hesla Breie AS","Tromsø","Grønnegata 137, 9008 Tromsø","97 53 33 70","","5","1","new"
"Tannlege Urd Lilleng AS","Tromsø","Vestregata 42, 9008 Tromsø","97 77 41 40","","5","1","new"
"Tannlege Kristin Camilla Olsen","Tromsø","Vestregata 42, 9008 Tromsø","77 68 49 31","","5","2","new"
"Tannlege Kjærstad","Tromsø","Grønnegata 86-88, 9008 Tromsø","77 68 31 88","http://tannlegekjaerstad.no/","5","9","new"
"Tannklinikk1 AS","Tromsø","Tannklinikk1 AS, Evjenvegen 108, 2. etg, 9024 Tomasjord","77 61 08 02","http://tannklinikk1.com/","4.3","28","new"
"Tannlege Hans Are Ovanger","Tromsø","Strandskillet 5, 9008 Tromsø","93 40 14 90","","5","2","new"
"Implantat klinikken AS","Tromsø","Storgata 124, 9008 Tromsø","77 66 10 20","http://www.implantatklinikken.no/","5","1","new"
"Tannlege Bjørn Jakobsen","Tromsø","Tromsø Tannlegesenter, Strandtorget 3, 9008 Tromsø","77 68 72 32","","1","1","new"
"Bai Tannhelseklinikken AS","Tromsø","Fiolvegen 12, 9016 Tromsø","45 00 82 60","","","","new"
"Tannlege Guro Møller AS","Tromsø","Skippergata 32, 9008 Tromsø","97 19 83 75","","","","new"
"Tannlege Auli Maria Takarautio","Tromsø","Strandskillet 5B, 9008 Tromsø","46 98 51 84","","","","new"
"MNTF Tannlege Camilla Bomstad","Tromsø","Strandtorget 3, 9008 Tromsø","77 68 18 60","","","","new"
"Tannlege Nikola Azanjac","Tromsø","Storgata 145, 9008 Tromsø","95 18 37 35","","","","new"
"Tannlege Linn Flatli AS","Tromsø","Skattøra 59, 9018 Tromsø","99 60 52 18","","","","new"
"Tannlege Tone Kuzmiszyn","Tromsø","Vestregata 28, 9008 Tromsø","","","","","new"
"Kari Mette Andersen","Tromsø","Strandskillet 5, 9008 Tromsø","92 22 99 01","","","","new"
"Tannlege Nils John Somby","Tromsø","Stallovegen 29, 9016 Tromsø","47 62 22 33","","","","new"
"Sarpsborg tannklinikk","Sarpsborg","Torget 4, 1707 Sarpsborg","69 11 77 00","https://ofk.no/tjenester/tannhelse/tannklinikker/","2.7","15","new"
"GrålumTannlegene i Sarpsborg","Sarpsborg","Vesterheimveien 2, 1712 Grålum","69 14 57 55","http://www.graalumtannlegene.no/","5","5","new"
"Tannlegene Prestegaard & Ådalen - Sarpsborg","Sarpsborg","Kirkegata 63, 1721 Sarpsborg","69 16 00 00","http://www.tannik.no/","5","5","new"
"Tannlege Kjetil Pedersen","Sarpsborg","St. Marie gate 60, 2. etg, 1706 Sarpsborg","69 14 50 05","http://www.tannlegepedersen.no/","5","10","new"
"Tannlegene Wevelstad","Sarpsborg","Korsgata 10A, 1723 Sarpsborg","69 12 02 05","http://www.wevelstad.no/","5","5","new"
"Clinident Tannlege Agnieszka Aleksandra Nordhagen","Sarpsborg","St. Marie gate 96-98, 1706 Sarpsborg","69 15 02 01","","5","9","new"
"Tannlege Godberg","Sarpsborg","Madam Arnesens vei 43, 1710 Sarpsborg","69 15 27 43","http://tannlegegodberg.no/","5","7","new"
"Tannlege Dilshad","Sarpsborg","St. Marie gate 60, 1706 Sarpsborg","","","5","4","new"
"Malin Ludvigsen","Sarpsborg","Dronningens gate 97, 1724 Sarpsborg","95 99 93 67","","5","3","new"
"Tannlege Veslemøy","Sarpsborg","Torget 6, 1707 Sarpsborg","69 12 15 60","https://www.tannlegerinorge.no/tannleger.asp?CMD=Fylke&Fylke=1&S=5","5","4","new"
"Tannlege Glenn Slette","Sarpsborg","Tamburveien 9, 1718 Greåker","69 87 74 44","https://tannlegeglennslette.no/","5","2","new"
"Tannlege Svein Thomas Halvorsen","Sarpsborg","Kirkegata 63, 1721 Sarpsborg","69 13 09 30","http://www.tryggtannbehandling.no/Om-oss/Tannleger-og-tannpleiere/Tannlege-Svein-Thomas-Halvorsen/","","","new"
"Siri Birgit Willersrud","Sarpsborg","Torget 2, 1707 Sarpsborg","69 15 30 67","","5","1","new"
"Magne Tannlege Kjelsberg","Sarpsborg","St. Marie gate 71, 1706 Sarpsborg","69 12 15 61","","","","new"
"Sarpsborg Dental AS","Sarpsborg","Torget 6, 1707 Sarpsborg","69 15 67 88","http://sarpsborgdental.no/","5","2","new"
"Turid Johanne Schille","Sarpsborg","Løkkeveien 1, 1710 Sarpsborg","69 14 18 32","","","","new"
"Storbyen Senter","Sarpsborg","Roald Amundsens gate 36, 1723 Sarpsborg","69 12 07 13","https://www.storbyen.no/","4.1","2516","new"
"Odd Arild Liholt","Sarpsborg","St. Marie gate 114, 1725 Sarpsborg","97 01 71 73","","","","new"
"Lars Resberg","Sarpsborg","St. Marie gate 60, 1706 Sarpsborg","69 14 50 05","","","","new"
"Fylkestannlegen i Østfold","Sarpsborg","Oscar Pedersens vei 39, 1706 Sarpsborg","69 11 70 00","","","","new"
"Dag Messel AS","Sarpsborg","Torget 3, 1707 Sarpsborg","69 15 32 84","","","","new"
"Øyvind Auensen","Sarpsborg","Batteriveien 7, 1727 Sarpsborg","69 14 90 31","","","","new"
"Jon Einar Gjerde","Sarpsborg","St. Marie gate 71, 1706 Sarpsborg","69 12 15 62","","","","new"
"Amin Homayouni","Sarpsborg","Bjørnstadtunet 7D, 1712 Grålum","95 96 15 71","","","","new"
"Storbyen tannklinikk 2","Sarpsborg","Stevneveien 9B, 1719 Greåker","45 95 52 68","","","","new"
"Tannlege Igland","Sarpsborg","Skogveien 8, 1890 Rakkestad","69 22 12 05","","5","10","new"
"Per Olaf Toftner","Sarpsborg","Korsgata 10A, 1723 Sarpsborg","48 24 18 52","","","","new"
"Skien Tannlegesenter & Skien Tannlegevakt","Skien","Ulefossvegen 48, 3730 Skien","90 83 17 88","http://www.skientannlegesenter.com/","4.9","72","new"
"Tannlege Britt Aarstad Kalve","Skien","Nedre Hjellegate 2, 3724 Skien","35 52 95 22","http://aarstadholler.no/","5","4","new"
"Hjellen 9 Tannklinikk","Skien","Nedre Hjellegate 9, 3724 Skien","35 52 30 39","http://www.hjellen9.no/","4.4","7","new"
"Hanna Kern Dental AS","Skien","Nyhusvegen 14, 3726 Skien","35 49 97 99","","4.4","7","new"
"Tannlege Marianne Erikssen","Skien","Cappelens gate 17, 3717 Skien","35 52 56 89","http://tannlege-erikssen.no/","5","7","new"
"Kirsten B Aanesen","Skien","Henrik Ibsens gate 6, 3724 Skien","35 52 04 69","","5","1","new"
"Moreau William Tannlege","Skien","Telemarksgata 12, 3724 Skien","35 51 96 04","","5","2","new"
"Carsten Aas","Skien","Snipetorpgata 7, 3715 Skien","92 03 61 01","","5","1","new"
"Tannlegene Otterstad","Skien","Storgata 118, 3921 Porsgrunn","35 93 03 60","http://tannlegeneotterstad.no/","4.9","350","new"
"Berntsen Tannlegesenter","Skien","Kverndalsgata 2A, 3717 Skien","35 52 20 60","","","","new"
"H&G Tannhelse med tannlege Hilde Ekholt Byrkjeflot","Skien","Nedre Hjellegate 9, 3724 Skien","35 52 07 01","","5","5","new"
"Lars Petter Røise","Skien","Henrik Ibsens gate 2, 3724 Skien","35 52 83 62","","5","1","new"
"Ståle Bentsen","Skien","Kverndalsgata 2A, 3717 Skien","41 40 00 85","","","","new"
"Tannlege Nima Tehrani","Skien","Cappelens gate, 3717 Skien","35 52 60 72","","","","new"
"Skien Oralkirurgiske klinikk AS","Skien","Telemarksgata 12, 3724 Skien","35 54 43 70","","4.5","6","new"
"Eilef Landsverk","Skien","Telemarksgata 12, 3724 Skien","35 51 96 03","","","","new"
"Tannlege Nils Jacob Erichsen","Skien","Nedre Hjellegate 2, 3724 Skien","35 52 95 22","","","","new"
"Are Westlie","Skien","Cappelens gate 6A, 3722 Skien","35 52 27 10","","","","new"
"Tannhelsetenesta, den Offentlege Spesialisttannklinikken Skien","Skien","Telemarksvegen 170, 3730 Skien","35 58 39 30","","","","new"
"Tannlege Coldevin AS","Ålesund","Spjelkavikvegen 5, 6011 Ålesund","70 14 02 37","","5","4","new"
"Hege Leikanger","Ålesund","Storgata 3, 3. etg, 6002 Ålesund","","","5","3","new"
"Tannlegene Granmo","Ålesund","Korsegata 8, 6002 Ålesund","70 12 56 22","http://www.tannlegenegranmo.no/","4","1","new"
"Tannlege Stanimir Kamenov - Skansen Tannlegekontor","Ålesund","Skaregata 3, 6002 Ålesund","99 49 22 39","","4.3","11","new"
"Tannlege Lena Godø","Ålesund","Langelandsvegen 35, 6010 Ålesund","70 27 02 00","","","","new"
"Skansen Tannlegekontor","Ålesund","Skaregata 3, 6002 Ålesund","99 49 22 39","","5","3","new"
"Dento2 As","Ålesund","Skansegata 20, 6002 Ålesund","70 11 44 99","","","","new"
"Fredrik Skodje","Ålesund","Vestre Hatlaåsen 27, 6016 Ålesund","94 20 48 91","","2.3","3","new"
"Tannlege Thomas Røn","Ålesund","Blindheimshaugen 9, 6012 Ålesund","70 14 18 55","","4.5","2","new"
"Geir Sæther Slettvoll","Ålesund","Langelandsvegen 17, 6010 Ålesund","70 15 26 40","","","","new"
"Skodje tannklinikk AS","Ålesund","Gnr 21 Bnr 95, 6260 Skodje","70 27 53 40","","4.8","19","new"
"Tannlege Kjetil Børre Ødegaard","Ålesund","Urabakken 23, 6017 Ålesund","90 69 80 93","","","","new"
"Tannlege Lars Lothe AS","Ålesund","Keiser Wilhelms g. 34, 6003 Ålesund","41 47 44 15","","","","new"
"Marianne Nødtvedt | Tannlege i Ålesund","Ålesund","Keiser Wilhelms g. 44, 6003 Ålesund","99 74 88 95","","","","new"
"Tannlege Marianne Nødtvedt","Ålesund","Langelandsvegen 17, 6010 Ålesund","70 15 26 40","","","","new"
"Tannlege Frode Frisvold","Ålesund","Kipervikgata 20, 6003 Ålesund","70 12 26 22","","","","new"
"Tannlege Forbord","Ålesund","Notenesgata, 6011 Ålesund","","","","","new"
"A C Heggholt","Ålesund","Keiser Wilhelms g. 44, 6003 Ålesund","70 12 22 94","","","","new"
"Are Kristofer Hjeltnes","Ålesund","Nedre Klasgarden 26, 6016 Ålesund","70 14 13 12","","","","new"
"Hallvard Nødtvedt","Ålesund","Vegsundbakken 9B, 6020 Ålesund","91 19 99 78","","","","new"
"Sjøholt Tannklinikk","Ålesund","Elling O. Wallbøes Veg 4, 6240 Ørskog","70 27 36 70","https://sjotann.no/","4.5","10","new"
"Jostein Strandman","Ålesund","Blindheimshaugen 9, 6012 Ålesund","70 14 18 55","","","","new"
"Torbjørn Breivik","Ålesund","Skaregata 3, 6002 Ålesund","70 12 12 21","","","","new"
"Intercare As","Ålesund","Kanalvegen 18, 6010 Ålesund","","","","","new"
"Jan Matre","Ålesund","Langelandsvegen 17, 6010 Ålesund","70 15 26 40","","","","new"
"Kari Sønderland","Ålesund","Ospedalsvegen 7, 6012 Ålesund","46 69 53 43","","","","new"
"Jan Inge Leira","Ålesund","Langelandsvegen 17, 6010 Ålesund","91 51 99 41","","","","new"
"Tannklinikken Skeie","Sandefjord","Storgata 1, 3210 Sandefjord","33 46 61 71","http://www.tannklinikken.no/?utm_source=gmb&utm_medium=organic&utm_campaign=&utm_term=klinikkside","4.5","35","new"
"Badeparken tannklinikk","Sandefjord","Jernbanealleen 13, 3210 Sandefjord","33 46 27 73","","4.3","333","new"
"Tannlege Lilly Dahlström AS","Sandefjord","Rådhusgata 14, 3211 Sandefjord","90 63 93 69","https://www.tannlegelillydahlstrom.no/","5","6","new"
"Kongensgate Tannklinikk AS","Sandefjord","Kongens gate 25, 3211 Sandefjord","33 46 22 45","http://kongensgate-tannklinikk.no/","4.8","4","new"
"Perio Tannklinikk AS","Sandefjord","Kilgata 9, 3217 Sandefjord","33 46 22 11","https://perioklinikken.com/","5","3","new"
"Tannlege Mehdi Darouei","Sandefjord","Jernbanealleen 13, 3210 Sandefjord","33 46 27 73","https://www.tannlegemehdidarouei.no/tannlege","5","1","new"
"Jens Petter Le Van Su","Sandefjord","Kilgata 5A, 3217 Sandefjord","45 48 43 25","","4.2","5","new"
"Sandefjord Tannregulering AS","Sandefjord","Kilgata 9, 3217 Sandefjord","33 46 34 40","http://www.sandefjordtannregulering.no/Kontakt/","4.7","24","new"
"Tannlege Marthe Angelsen","Sandefjord","Aagaards Plass 1, 3 etg, 3211, 3211 Sandefjord","33 44 60 30","https://www.1881.no/tannlege/tannlege-vestfold/tannlege-sandefjord/tannlege-marthe-angelsen_107284161S10/","","","new"
"Reidar Chr Øyen tannlege","Sandefjord","Thor Dahls gate 1, 3210 Sandefjord","33 46 35 65","http://www.tannlegeoyen.no/","4","7","new"
"Tannlege MNTF, spesialist i periodonti Bernt Johan Evensen","Sandefjord","Colosseum Tannlege Sandefjord, Thor Dahls gate 1, 3210 Sandefjord","33 46 52 18","","5","2","new"
"Kjeveortoped Ella Aasrum","Sandefjord","Kilgata 9, 3217 Sandefjord","33 46 34 40","","","","new"
"KariAnne Balstad Tannlege","Sandefjord","Torget 1A, 3210 Sandefjord","33 46 33 61","","","","new"
"Tannblekingsklinikken AS","Sandefjord","Jernbanealleen 33, 3210 Sandefjord","99 10 13 33","","","","new"
"Lise Serigstad","Sandefjord","Føykåsveien 8, 3213 Sandefjord","48 99 01 60","","","","new"
"Astrid Tannpleierpraksis Høgsand","Sandefjord","Dronningens gate 3, 3211 Sandefjord","33 46 84 48","","","","new"
"Henry Normann Nilsen","Sandefjord","Skiringssalveien 20, 3 etasje, 3208 Sandefjord","93 05 30 12","","","","new"
"Tannlege Vee i Haugesund","Haugesund","Spannavegen 152, 5535 Haugesund","52 71 31 80","http://www.tannlegenevee.no/","5","4","new"
"Tannlegene Lande/Tjessheim","Haugesund","Haraldsgata 159, 5527 Haugesund","52 72 24 87","","5","3","new"
"Klinikk 3 Tannleger","Haugesund","Karmsundgata 59B, 5531 Haugesund","52 01 08 60","https://www.k3t.no/","4.5","10","new"
"Tannlegekontoret Fides AS","Haugesund","Haraldsgata 90, 5528 Haugesund","52 71 20 18","","5","4","new"
"Tanngården Haugesund AS","Haugesund","Breidablikgata 121, 5527 Haugesund","52 72 41 97","http://tanngården.no/","5","1","new"
"Tannlegevakten Haugesund","Haugesund","Haraldsgata 139, 5527 Haugesund","90 12 96 00","","2.5","11","new"
"Anna Benedicte Pugerud Tannlege","Haugesund","Karmsundgata 59B, 5531 Haugesund","52 01 08 65","","4.5","2","new"
"Tannlege Fjære AS","Haugesund","Strandgata 152, 5527 Haugesund","52 72 34 27","","5","1","new"
"Tannlege Siv Storesund","Haugesund","Karmsundgata 59B, 5531 Haugesund","52 01 08 61","","5","2","new"
"Haugesund Tannmedisin","Haugesund","Skåregata 181, 5525 Haugesund","52 72 12 40","https://www.tannmed.no/","4.3","6","new"
"Haugesund","Haugesund","Strandgata 202, 5525 Haugesund","","","5","1","new"
"Signe Tannlege Storesund","Haugesund","Haraldsgata 183, 5525 Haugesund","52 01 08 80","","1.7","23","new"
"Bjarne Housken","Haugesund","Sørhauggata 111, 5527 Haugesund","52 71 10 00","http://tannsenteret.no/","","","new"
"Tannlege Sigmund Alsos","Haugesund","Møllervegen 9, 5525 Haugesund","52 72 30 71","https://www.tannlegealsos.no/","","","new"
"Victoriahjørnet","Haugesund","Haraldsgata 139, 5527 Haugesund","","","5","1","new"
"Gunnar Tannlege Amundsen","Haugesund","Strandgata 188, 5525 Haugesund","52 72 19 60","","","","new"
"Tannlege Karin Holmgard AS","Haugesund","Haraldsgata 183, 5525 Haugesund","52 71 11 00","","","","new"
"Medico tannlege Guido Stüttgen","Haugesund","Austbøvegen 7, 5542 Karmsund","52 82 22 22","","5","6","new"
"Tannlege Førland AS","Haugesund","Kirkegata 169, 5525 Haugesund","52 71 39 24","","","","new"
"Øyvind Ketil Haga","Haugesund","Nygårdsvegen 6, 5515 Haugesund","52 73 64 57","","","","new"
"Raili Randmer Olsen","Haugesund","Austmannavegen 11, 5537 Haugesund","52 72 38 43","","","","new"
"Tannlege Arnstein Arvesen Mntf","Haugesund","Strandgata 200, 5525 Haugesund","","","","","new"
"Tannlege Jouko Rytilahti","Haugesund","Karmsundgata 59B, 5531 Haugesund","52 01 08 63","","","","new"
"Tom Tannlege Trippestad","Haugesund","Strandgata 188, 5525 Haugesund","52 72 19 60","","","","new"
"Hekla Tannregulering AS","Haugesund","Austbøvegen 16, 5542 Karmsund","52 85 11 03","","2.6","14","new"
"Arne Bastholm","Haugesund","Flotmyrgata 100, 5528 Haugesund","52 71 33 95","","","","new"
"Aksdal Tannklinikk AS","Haugesund","Rådhusvegen 45, 5570 Aksdal","52 77 57 00","https://www.facebook.com/Aksdal-Tannklinikk-485675821575617/timeline/","4.5","15","new"
"Haugesund Medisinske Senter","Haugesund","Sørhauggata 111, 5527 Haugesund","52 70 39 00","http://www.haugesundmedisinske.no/","3.6","31","new"
"24/7-bygget","Haugesund","Spannavegen 152, 5535 Haugesund","","","4.6","52","new"
"Kjeveortoped","Haugesund","Ølengata 10, 5522 Haugesund","","","","","new"
"Svend Andreas Aasland","Haugesund","Haraldsgata 90, 5528 Haugesund","52 71 20 18","","","","new"
"Tønsberg Tannlegevakt","Tønsberg","Storgaten 27 B, 3126 Tønsberg","40 61 12 12","https://tonsbergtannlegevakt.no/","4.9","262","new"
"Tønsberg Tannclinique","Tønsberg","Storgaten 27B, 3126 Tønsberg","33 36 77 76","https://ttq.no/","5","1","new"
"Eik tannlegesenter","Tønsberg","Eikveien 47B, 3122 Tønsberg","33 31 16 68","https://eiktannlegesenter.no/","4.9","123","new"
"Frisk Tannhelse avd. Tønsberg sentrum","Tønsberg","Bulls gate 2b, 3112 Tønsberg","33 32 84 50","https://www.frisktannhelse.no/","5","3","new"
"Ditt Smil Tannhelse","Tønsberg","Halfdan Wilhelmsens alle 52, 3117 Tønsberg","33 31 13 90","http://dittsmiltannhelse.no/","5","5","new"
"Tønsberg Tannregulering AS","Tønsberg","Øvre Langgate 50, 3110 Tønsberg","33 31 55 66","http://tonsbergtannregulering.no/","4.8","22","new"
"Tannlege Hopen & Co AS","Tønsberg","Bulls gate 2B, 3110 Tønsberg","33 31 12 98","http://tannlegehopen.no/","5","2","new"
"Tannlege Aslak Kringlegarden","Tønsberg","Bulls gate 2B, 3110 Tønsberg","33 31 11 82","","5","1","new"
"Tannlege Rune Esbjørnsen","Tønsberg","Kammegaten 5, 3110 Tønsberg","33 31 41 95","","5","3","new"
"Tannlegene i Teiegården","Tønsberg","Rambergveien 3, 3115 Tønsberg","33 30 48 70","http://norveel.no/","5","1","new"
"Tannlege Einar Trægde Nørstebø AS","Tønsberg","Grev Wedels gate 10, 3111 Tønsberg","33 37 98 04","","5","1","new"
"Tommy Lønhøiden","Tønsberg","Fayes gate 5, 3110 Tønsberg","33 31 11 90","https://ovregate.no/ansatte/","5","1","new"
"Tannlege Thomas Arentz","Tønsberg","Bulls gate 2B, 3110 Tønsberg","33 31 31 90","https://tannlegearentz.no/","4.5","2","new"
"Tannlege Ellen Lier","Tønsberg","Møllegaten 4, 3111 Tønsberg","33 31 49 20","","5","2","new"
"Steinar Matre","Tønsberg","Anders Rørholts vei 2B, 3117 Tønsberg","33 31 24 42","","5","2","new"
"TANNLEGE KRISTIAN AANDAHL AS","Tønsberg","Øvre Langgate 50, 3110 Tønsberg","33 34 46 70","","","","new"
"Gisle Sverre Prøsch Tannlege","Tønsberg","Grev Wedels gate 10, 3111 Tønsberg","33 37 98 03","","","","new"
"Bjørn J Hansen AS","Tønsberg","Storgaten 33, 3126 Tønsberg","33 31 22 36","http://www.kjevekirurgen.no/","3.5","13","new"
"Ranveig Roberg","Tønsberg","Valløveien 56B, 3152 Tolvsrød","33 32 84 50","","5","1","new"
"Toppen Tannregulering","Tønsberg","St. Olavs gate 4, 3126 Tønsberg","33 31 14 55","http://www.toppentannregulering.no/","1","1","new"
"Tannlege Main Lisbeth Teien Dale","Tønsberg","Storgaten 39, 3126 Tønsberg","33 31 54 70","","","","new"
"Olav Eide","Tønsberg","Jens Müllers gate 1, 3110 Tønsberg","33 37 82 82","","","","new"
"Dentatec Dental AS","Tønsberg","Grev Wedels gate 10, 3111 Tønsberg","47 63 81 12","","","","new"
"Sigurd Sondresen","Tønsberg","Storgaten 38, 3126 Tønsberg","33 31 31 03","","","","new"
"Ole M Kulbraaten AS","Tønsberg","Jens Müllers gate 1, 3110 Tønsberg","33 37 82 82","","","","new"
"Eivind Andersen","Tønsberg","Jens Müllers gate 1, 3110 Tønsberg","33 37 82 82","","","","new"
"Tannlege Hai Hoang Nguyen","Moss","Lilleengveien 8, 1523 Moss","69 25 43 55","","5","10","new"
"Tannlege Jon-Audun Solem","Moss","Gudes gate 1A, 1530 Moss","69 20 54 10","https://solemogtrondsen.no/om-oss/","5","1","new"
"Tannlege Atle Trondsen","Moss","Gudes gate 1, 1530 Moss","69 25 26 05","https://tannlegetrondsen.no/","4","4","new"
"Tannlege Olav Johansen","Moss","Kransen 18, 1531 Moss","69 24 94 45","","5","6","new"
"Tannlege Morten Aanonsen","Moss","Th. Petersons gate 2, 1530 Moss","69 25 37 04","https://www.tannlege-aanonsen.no/","4.8","4","new"
"Tannlege Svendsen","Porsgrunn","Drangedalsvegen 2, 3920 Porsgrunn","35 55 08 00","http://tannlege-svendsen.no/","5","21","new"
"Tom Roger Arctander","Porsgrunn","Vestregata 12, 3919 Porsgrunn","35 55 33 39","","5","12","new"
"Zeyad Abdul-Hamid","Porsgrunn","Stangsgate 9, 3916 Porsgrunn","94 48 96 16","","4.7","24","new"
"Tannlege Augestad","Porsgrunn","Storgata 112, 3921 Porsgrunn","35 56 64 00","http://www.tannlegeaugestad.no/","5","5","new"
"Bjørn Hobæk","Porsgrunn","Stridsklev Ring 46, 3929 Porsgrunn","35 51 39 20","","5","3","new"
"Tannlege MNTF Magne Granmar","Porsgrunn","Olavsgate 10, 3916 Porsgrunn","35 55 67 40","","5","6","new"
"Tannlege Guri Sandnes","Porsgrunn","Olavsgate 10, 3916 Porsgrunn","35 55 17 03","https://www.helsesmart.no/klinikk/tannlege-guri-sandnes-8211/","5","1","new"
"Tannlege Hvaring","Porsgrunn","Storgata 174, 3915 Porsgrunn","35 55 54 00","http://tannlegehvaring.no/","4.5","8","new"
"Tannlege Anne Bugge-Paulsen","Porsgrunn","Storgata 146, 3915 Porsgrunn","35 55 79 69","","5","1","new"
"Tannlegene Schriwer og Thorkildsen","Porsgrunn","Storgata 146, 3916 Porsgrunn","35 55 22 50","","5","4","new"
"Gap Opp AS","Porsgrunn","Skolegata 6, 3916 Porsgrunn","35 55 22 16","","5","1","new"
"Beha Sport AS","Porsgrunn","Beha kvartalet, C. E. Berg-Hanssens gate 14, 3917 Porsgrunn","35 55 73 03","https://behasport.no/","4.2","887","new"
"THORKILDSEN ØDEGÅRD AS","Porsgrunn","Skolegata 2B, 3916 Porsgrunn","45 83 16 10","http://tannlegeoedegard.no/","","","new"
"Tannlege Anas Alhaydar","Porsgrunn","Storgata 146, 3915 Porsgrunn","","","","","new"
"Dento AS","Porsgrunn","Storgata 174, 3915 Porsgrunn","35 55 54 00","","","","new"
"Tannlege Morten Wesseltoft","Porsgrunn","Skolegata 6, 3916 Porsgrunn","35 55 22 16","","","","new"
"Tannlege Cecilie Borg Heyerdahl","Porsgrunn","Cochs gate 2, 3970 Langesund","91 91 80 82","https://www.tannlegececilieheyerdahl.no/","5","10","new"
"Tannlege Schriwer AS","Porsgrunn","Storgata 146, 3915 Porsgrunn","35 55 22 50","","","","new"
"Skein","Porsgrunn","Storgata 174A, 3915 Porsgrunn","","","","","new"
"Knut Sven Tubaas Tannlegen","Porsgrunn","Storgata 146, 3915 Porsgrunn","35 55 22 06","","","","new"
"Tannlege Even Eie Bjørvik AS","Porsgrunn","Sverdrupsgate 28, 3922 Porsgrunn","91 69 81 56","","","","new"
"Olav Strand","Porsgrunn","Steinringen 10, 3931 Porsgrunn","","","","","new"
"Tannlege Ragnhild Olsen AS","Porsgrunn","Storgata 23, 3950 Brevik","47 13 21 32","http://www.tannlegero.no/","5","5","new"
"Skomvær Dental AS","Porsgrunn","Storgata 112, 3901 Porsgrunn","35 55 62 40","","","","new"
"Jan Johansen","Porsgrunn","Heigata 8, 3920 Porsgrunn","94 15 10 80","","","","new"
"Lillegaard Tannklinikk","Bodø","Dronningens gate 28, 8006 Bodø","75 52 22 33","","4.7","31","new"
"Tannlege Tor Tegnander","Bodø","Tollbugata 10, 8006 Bodø","75 50 65 90","http://www.tanntor.no/","4.9","54","new"
"Tannlegegården Barth AS","Bodø","Hålogalandsgata 9, 8006 Bodø","93 47 20 00","http://www.tannlegegarden.no/","4.6","9","new"
"Tannlege Moen","Bodø","Storgata 3, 8006 Bodø","75 50 65 10","","5","1","new"
"Tannlege Rune Normann","Bodø","Sjøgata 21, 8006 Bodø","75 52 00 11","","","","new"
"Tannlege Thor Arne Sandjord","Bodø","Sjøgata 29-33, 8006 Bodø","75 50 64 40","","","","new"
"Tryggestad Tannklinikk","Bodø","Mølnbakken 88, 8050 Tverlandet","75 53 22 01","http://www.tryggestad-tannklinikk.no/","5","2","new"
"Tannlege Sigmund Olaf Kristiansen Kjeveortopedi AS","Bodø","Hålogalandsgata 40, 8004 Bodø","75 52 48 98","","","","new"
"Salten Tannhelsedistrikt","Bodø","Bankgata 24B, 8005 Bodø","75 65 19 41","","","","new"
"Bodø kretsfengsel Biklinikk","Bodø","Hålogalandsgata 91, 8007 Bodø","75 55 94 36","","","","new"
"Gruben Tannklinikk","Bodø","Storgata 35, 8006 Bodø","","","","","new"
"Tanntekniker","Bodø","Dronningens gate 28, 8006 Bodø","","","","","new"
"Tannlegene Solveig Lyngtveit Lindland og Elise Lyngtveit Lindland Møller","Arendal","Havnegaten 1, 4836 Arendal","37 02 30 11","","5","5","new"
"Tannlege Mette Hofstad","Arendal","Torvet 10, 4836 Arendal","37 02 55 22","","5","2","new"
"Tannlege Jon Egil T. Fiane","Arendal","Vestre gate 2, 2. etg, 4836 Arendal","37 02 48 45","https://tannlegefiane.no/","4.7","3","new"
"Tyholmen Tannlegesenter","Arendal","Teaterplassen 3, 4836 Arendal","37 02 29 40","http://www.tyholmen-tannlegesenter.no/","4.3","6","new"
"Tannlege Timea Barexstein","Arendal","Havnegaten 1, 4836 Arendal","37 02 13 03","https://tannlege-arendal.business.site/","5","4","new"
"Jan Tore Olsen Tannlege","Arendal","Vestre gate 14, 4838 Arendal","37 02 14 00","https://www.arendaltannlegesenter.no/tannlege-jan-tore-olsen/","5","1","new"
"Tannlege Jørgensen Knut Eric","Arendal","Torvet 10, 4836 Arendal","37 02 55 22","","5","1","new"
"Tannlege Synnøve Anette Terjesen AS","Arendal","Havnegaten 1, 4836 Arendal","37 02 13 03","https://www.tannlegeterjesen.no/","","","new"
"Preben Stenersen","Arendal","Teaterplassen 3, 4836 Arendal","37 02 29 40","","5","1","new"
"Hans Tannlege Roscher AS","Arendal","Tollbodgaten 1, 4836 Arendal","37 02 28 24","","5","1","new"
"Pollen Tannklinikk","Arendal","Langbryggen 13, 4841 Arendal","37 00 27 55","https://www.pollentannklinikk.no/","","","new"
"Tannlege Anne Blix Werner","Arendal","Vestre gate 2, 4836 Arendal","37 02 65 53","http://www.anneblixwerner.no/","3.3","3","new"
"Anne Grethe Beisland Tannlege","Arendal","Vestre gate 14, 4838 Arendal","37 02 14 00","","","","new"
"Kjeveortoped Jette Jørgensen","Arendal","Kirkegaten 5, 4836 Arendal","37 02 22 55","","","","new"
"Maxis Kjøpesenter","Arendal","Vesterveien 44, 4839 Arendal","37 02 72 41","http://www.maxis.no/","3.9","630","new"
"Pollen Dental AS","Arendal","Vestre gate 14, 4838 Arendal","41 63 44 95","","","","new"
"Per Kristian Lundvall","Arendal","Langbryggen 5, 4841 Arendal","90 60 08 66","","","","new"
"Mage-Tarm Klinikken Amfi Arena","Arendal","Vestre gate 1, 4836 Arendal","37 02 00 83","http://www.magetarmklinikken.no/","4.6","16","new"
"a1smil","Arendal","Strømsbusletta 7B, 4847 Arendal","","","","","new"
"Torleiv Lauvdal","Arendal","Østre gate 2, 4836 Arendal","37 02 29 40","","","","new"
"Стоматолог Арендал","Arendal","Strandgaten 2, 4836 Arendal","","","","","new"
"a1tannlegen kirkedam as","Arendal","Strømsbusletta 7b, 4847 Arendal","37 02 10 90","","","","new"
"Jettebra","Arendal","Kirkegaten 5, 4836 Arendal","","","","","new"
"Per Lauvdal","Arendal","Smedplassveien 50, 4848 Arendal","37 31 06 98","","","","new"
"Obe AS","Arendal","Vestre gate 14, 4838 Arendal","37 02 14 00","","","","new"
"Innlandet Hamar Tannlegevakt Dhaliwal (tidligere Mjøsa Tannklinikk)","Hamar","Torggata 71, 3 etg, 2317 Hamar","62 11 80 00","https://mjøsatannklinikk.no/","4.7","225","new"
"Tannlege Marie Eng","Hamar","Torggata 3, 2317 Hamar","62 52 44 44","https://www.tannlegeneitorggata3.no/","4.9","7","new"
"Alvenes Dental (Maria E. Alvenes)","Hamar","Vangsvegen 62, 2317 Hamar","62 55 34 50","http://alvenesdental.no/","4.6","19","new"
"Tannlegene i Kvartal 48","Hamar","Torggata 44, 2317 Hamar","62 52 30 73","http://www.tannlegene48.no/","4.6","11","new"
"Tannlege Geir Frøyshov AS","Hamar","Torggata 1, 2317 Hamar","62 52 61 05","http://grandtannlegene.no/","5","2","new"
"Tannlege Kjersti Høye","Hamar","Vangsvegen 91, 2317 Hamar","62 52 66 50","","5","5","new"
"Tannlege Nabeel Mekhlif AS","Hamar","Vangsvegen 62, 2317 Hamar","62 52 70 00","","4.9","11","new"
"Tannlege Inge Lima","Hamar","Lindbergbakken 2, 2318 Hamar","62 52 58 05","","5","1","new"
"Tannlegene Sandnes , Kurt og Elina","Hamar","Torggata 83, 2317 Hamar","62 52 48 86","","5","4","new"
"Tannlegevakt Innlandet","Hamar","Lille Strandgate 3, 2317 Hamar","94 98 48 35","https://www.tannlegevaktinnlandet.no/","5","2","new"
"Magnhild Olrud","Hamar","Lille Strandgate 3, 2317 Hamar","62 52 36 96","","5","1","new"
"Tannlege Terje Skogly","Hamar","Torggata 1, 2317 Hamar","62 52 29 04","","","","new"
"Grandsenteret","Hamar","Torggata 1, 2317 Hamar","","","3.8","33","new"
"Tannlege Eunhyun Kim","Hamar","Vestregate 22, 2315 Hamar","41 22 24 41","","","","new"
"Grand Helsesenter","Hamar","Torggata 1, 2317 Hamar","","","","","new"
"Jardar Strand","Hamar","Torggata 71, 2317 Hamar","41 53 29 37","","","","new"
"Sagatun Tannlegeklinikk","Hamar","Grønnegata 113, 2317 Hamar","62 53 29 29","","","","new"
"Tore Orre Haaland","Hamar","Stangevegen 34, 2317 Hamar","62 52 26 33","","","","new"
"Tannlege Kjell Linkjendal AS","Hamar","Lindbergbakken 2, 2318 Hamar","62 52 58 05","","","","new"
"Robert Drosch","Hamar","Lille Strandgate 3, 2317 Hamar","","","","","new"
"Vangsvein 62","Hamar","Vangsvegen, Hamar","","","","","new"
"BedreTenner","Hamar","Hulda Garborgs gate 13, 2317 Hamar","40 07 80 15","","","","new"
"Peder Bronken","Hamar","Torggata 1, 2317 Hamar","62 52 24 54","","","","new"
"Hamar Sentrum","Hamar","Torggata 81-83, 2317 Hamar","41 41 29 80","","4.4","468","new"
"Simen Willy Johnsen","Hamar","Torggata 1, 2317 Hamar","62 52 61 05","","","","new"
"Sisle Varegg Eide","Hamar","Torggata 44, Kvartal 48, 2317 Hamar","92 22 46 52","","","","new"
"Dzenana Grabovica","Hamar","Reinert Svendsens gate 18, 2316 Hamar","62 11 04 36","","","","new"
"Reidun Romsaas","Hamar","Torggata 1, 2317 Hamar","62 52 61 05","","","","new"
"Knut Otto Haavie","Hamar","Torggata 71, 2317 Hamar","99 26 90 68","","","","new"
"CC Hamar","Hamar","Vangsvegen 62, 2317 Hamar","96 91 48 00","https://cc.no/hamar/","4.3","3377","new"
"Petar Ninkov","Hamar","Steinrøysa 22, 2315 Hamar","40 21 54 32","","","","new"
"Finn Sindre Aas","Hamar","Vangsvegen 91, 2317 Hamar","62 52 66 50","","","","new"
"Canpol AS","Hamar","Torggata 71, 2317 Hamar","96 95 10 46","","","","new"
"Arbo-Lab - din tanntekniker Hamar","Hamar","Torggata 44, 2317 Hamar","90 97 36 91","","","","new"
"Larvik Tann & Kjeveklinikk","Larvik","Torget 3, 3256 Larvik","33 18 20 18","https://m.facebook.com/larviktann/","5","14","new"
"Tannlege Faruk Surbehan","Larvik","Nansetgata 13-15, 3256 Larvik","33 18 39 11","","5","7","new"
"Tannlegene Rustad AS","Larvik","Kongegata 31, 3256 Larvik","33 18 18 71","","5","7","new"
"Jon Eriksen Tannlege","Larvik","Gloppeskogen 1, 3260 Larvik","33 12 54 52","","5","2","new"
"Tannlegene Helganes og Krukowski","Larvik","Kongegata 31, 3256 Larvik","33 18 14 35","","5","9","new"
"Pyramiden tannlegekontor AS","Larvik","Gloppeskogen 24, 3260 Larvik","33 12 69 52","https://www.pyramiden.no/","5","3","new"
"Tannlege Kjetil Bakke","Larvik","Haralds gate 8a, 3256 Larvik","33 18 15 51","","4","4","new"
"Tannlege Maren Risvær","Larvik","Gloppeskogen 24, 3260 Larvik","33 12 50 95","","5","1","new"
"Tannpleierklinikken AS","Larvik","Nansetgata 13, 3256 Larvik","33 18 99 59","http://www.tannpleierklinikken.no/","5","5","new"
"Reguline AS Karen A B Kristoffersen","Larvik","Torget 3, 3256 Larvik","33 18 20 18","http://www.reguline.no/","3.7","9","new"
"Tannlegene Jon Myrebøe, Karen Kristoffersen og Ingvild Borgeraas","Larvik","Torget 3, 3256 Larvik","33 18 20 18","http://kjeve.no/","","","new"
"Petter A Lauritzsen AS Tannlege","Larvik","Nansetgata 13, 3256 Larvik","33 18 49 13","","","","new"
"Jan Lotherington","Larvik","Nansetgata 13, 3256 Larvik","33 18 29 85","","5","1","new"
"Tannlege Stavern AS","Larvik","Kong Frederik Vs gate 8, 3290 Stavern","33 19 92 64","https://staverntann.no/","5","7","new"
"Jan Norberg","Larvik","Halsegata 27, 3290 Stavern","33 19 73 25","","5","3","new"
"Boye Tannlege Nereng AS","Larvik","Torget 1, 3256 Larvik","33 18 44 24","","","","new"
"Larvik kjedeorooedi","Larvik","Torget 3, 3256 Larvik","","","","","new"
"Tannlegen på Landet AS","Larvik","Lågaveien 62, 3275 Svarstad","33 21 01 98","http://www.tannlegenpalandet.no/","","","new"
"Øystein Haram","Larvik","Nansetgata 13, 3256 Larvik","33 18 15 51","","","","new"
"Dyrendal Tannhelsesenter","Halden","Dyrendalsveien 13C, 1778 Halden","69 21 10 60","","4.7","14","new"
"Tannlegene i Niels Ankers gate 5","Halden","Nils Ankers gate 5, 1776 Halden","69 18 13 64","http://www.haldental.no/tafjord.htm","4.6","10","new"
"Tannlege Petter Larseng","Halden","Storgata 4C, 1767 Halden","69 18 44 42","http://www.tannlegelarseng.no/","5","6","new"
"Tannlege Siri Sagbakken","Halden","Storgata 4c, 1776 Halden","90 61 69 98","","4.8","5","new"
"Tannlege Elzbieta Robakowska","Halden","Langbrygga 7, 1767 Halden","46 84 84 65","","4.3","17","new"
"Tore Kjell Larseng","Halden","Storgata 4C, 1767 Halden","69 18 44 42","","","","new"
"Tannregulering i Halden","Halden","Storgata 4c, 1767 Halden","69 18 59 60","https://www.tannreguleringhalden.no/","","","new"
"Dyrendal medisinske senter","Halden","Dyrendalsveien 13C, 1778 Halden","","","3","13","new"
"Tannlege Jan Engh","Halden","Dikterstubben 8, 1781 Halden","69 17 90 45","","","","new"
"Einar Lorentzen","Halden","Storgata 4C, 1767 Halden","","","","","new"
"Hilde Aas","Halden","Violgata 5, 1776 Halden","69 19 30 08","","","","new"
"Gro Aakre Granfeldt","Halden","Storgata 4C, 1767 Halden","69 18 52 11","","","","new"
"Arman Ay","Halden","Storgata 2A, 1767 Halden","","","","","new"
"Ove Fæhn AS","Halden","Dikterstubben 8, 1781 Halden","69 17 90 45","","","","new"
"Berg Jarle invest AS","Halden","Storgata 4C, 1767 Halden","91 17 83 60","","","","new"
"Jarle Alvin Berg","Halden","Oskleiva 12, 1772 Halden","69 18 56 37","","","","new"
