clinic,city,phone,website,email,status
"Sanner Tannklinikk / Tannlegevakt","Oslo","22 37 41 74","https://sannertannklinikk.no/","post@sannertannklinikk.no","ok"
"Valkyrien Tannlegesenter","Oslo","96 70 07 77","https://tannlegevoslo.no/","time@tannlegevoslo.no","ok"
"Mer Klinikken","Oslo","23 65 11 77","https://www.mer-klinikken.no/","post@mer-klinikken.no","ok"
"Bislett Tannhelsesenter","Oslo","22 15 50 17","https://bislettannhelsesenter.no/","post@bislettannhelsesenter.no","ok"
"Stortorvet Tannhelsesenter","Oslo","22 41 66 90","https://www.stortann.no/","post@stortann.no","ok"
"Tannlegevakt-Optimal Dental","Oslo","41 28 50 85","http://www.optimaldentaloslo.no/","post@optimaldentaloslo.no","ok"
"Fjærvik klinikken AS","Oslo","21 63 16 00","http://fktannlege.no/","post@fjaervikklinikken.no","ok"
"Eurodent Oslo tannklinikk og oralkirurgi","Oslo","21 06 66 66","https://eurodent.no/tannlege-oslo","oslo@eurodent.no","ok (2. pass)"
"Tannlege Anne Sofie Hovde Helgesen","Drammen","32 83 10 54","","","ingen nettside"
"Tanntunet Tannhelsesenter Oslo","Oslo","22 15 00 00","https://tanntunet.no/","post@tanntunet.no","ok"
"Sentrum tannlegekontor AS","Drammen","32 83 69 34","","","ingen nettside"
"Tannlege Bjørn Frode Hansen","Drammen","32 83 60 62","","","ingen nettside"
"Tannlege Juliana Pinheiro Garder","Drammen","32 83 35 29","","","ingen nettside"
"Baltic Tannklinikk","Drammen","41 34 10 10","https://www.baltictannklinikk.no/","info@baltictannklinikk.no","ok (2. pass)"
"Tannfeen Drammen","Drammen","32 83 90 00","https://tannfeen.no/klinikk/drammen/","drammen@tannfeen.no","ok (2. pass)"
"Tannlege Arild Mo","Drammen","32 83 10 54","","","ingen nettside"
"Babak Teimouri","Drammen","32 83 69 34","https://www.legelisten.no/tannleger/12071-babak-teimouri","post@legelisten.no","ok"
"Tannlege Erik Gjemmestad","Drammen","32 82 07 00","","","ingen nettside"
"Tannlege Sissel Helgetveit","Drammen","32 83 52 94","http://helgetveit.no/","tannlege@helgetveit.no","ok"
"Drammen Oralkirurgi","Drammen","32 27 67 50","","","ingen nettside"
"Knut Tannlege Ivarsson","Drammen","32 83 87 45","","","ingen nettside"
"Tannlege Terje Døviken AS","Drammen","32 27 67 50","","","ingen nettside"
"Bragernes Endospesialist AS","Drammen","32 89 98 60","http://www.bragernesendospesialist.com/","bragernes.endo@gmail.com","ok"
"Strømsø tannklinikk","Drammen","32 26 40 94","","","ingen nettside"
"Reidun Sprauten Uhre","Drammen","32 20 28 70","","","ingen nettside"
"Tannlege Tom Stokke","Drammen","32 20 00 40","https://tannlegetomstokke.no/","","ingen e-post funnet"
"Spesialistklinikken Union Brygge","Drammen","97 47 43 00","http://www.spesialistklinikken-unionbrygge.no/","","ingen e-post funnet"
"Tannlege Hans Morten Alm","Drammen","32 83 60 00","http://www.drammen-tannlegesenter.no/teamene","drammen@orisdental.no","ok"
"Drammen Tanntekniske laboratorium","Drammen","47 47 54 44","","","ingen nettside"
"Tannlege Weam El-Athamna","Drammen","90 95 05 35","","","ingen nettside"
"TANNAKUTTEN","Oslo","815 00 345","http://www.tannakutten.no/","post@tannakutten.no","ok"
"Tannlege Jostein Løne","Drammen","32 83 61 63","","","ingen nettside"
"Tannlege Hans J. Salvesen","Drammen","32 20 00 44","","","ingen nettside"
"Tannlege AI","Drammen","","","","ingen nettside"
"Tannlege Aud Brustad Mellbye","Drammen","32 83 60 00","","","ingen nettside"
"Tannlege Bjarne Vangsnes","Drammen","32 83 26 40","","","ingen nettside"
"Bjørn Sæther Tannlege","Drammen","32 27 67 50","","","ingen nettside"
"Tannlege Jan M. Martinsen","Drammen","48 12 90 42","","","ingen nettside"
"Drammen Tannlegesenter","Drammen","32 83 38 72","https://drammentannlegesenter.no/","smilecare@mail.com","ok"
"Oslocity tannlegesenter","Oslo","95 33 99 99","https://www.oslocitytannlege.no/","","ingen e-post funnet"
"Tannlege Reidar Bjørkli","Drammen","32 83 41 13","http://www.tannlegebjorkli.com/","","ingen e-post funnet"
"Drammen implantatsenter","Drammen","32 83 38 72","https://www.drammenimplantatsenter.no/","post@drammenimplantatsenter.no","ok"
"Tannlege Trond Grindheim","Bergen","55 23 23 99","","","ingen nettside"
"tannlegevakten privat","Bergen","92 91 97 07","https://www.tannlegevaktbergen-privat.no/","","ingen e-post funnet"
"Arne Tannlege MNTF Fotland","Bergen","55 23 00 01","","","ingen nettside"
"Kronstad Tannlegesenter","Bergen","55 29 47 11","http://tannlegeslettestol.no/","post@kronstadtannlegesenter.no","ok"
"Tannlege Bjelland & Co","Bergen","55 31 98 66","https://tannlegebjelland.no/","post@tannlegebjelland.no","ok"
"Strømsø Kjeveortopedi AS","Drammen","32 83 30 00","https://www.stromsokjeveortopedi.no/","post@skregis.no","ok"
"Tannlege Tyssekvam","Bergen","55 55 85 45","","","ingen nettside"
"Tannlegevakten","Bergen","55 31 03 10","","","ingen nettside"
"Tannlege i Bergen","Bergen","55 61 20 90","","","ingen nettside"
"Tannlege Tom R. Paulseth AS","Bergen","55 90 10 26","","","ingen nettside"
"Tannlege Njål Askeland","Bergen","55 28 89 43","https://tannlegeaskeland.no/","post@tannlege-askeland.no","ok"
"Tannlege Brox","Drammen","32 83 61 63","http://www.tannlegebrox.no/","post@tannlegebrox.no","ok"
"Tannlege Marianne Lægreid","Bergen","55 90 10 26","","","ingen nettside"
"Terje Mikkelsen Tannlege","Bergen","55 31 67 22","","","ingen nettside"
"Tannlege Sturle Tvedt","Bergen","55 23 24 00","","","ingen nettside"
"Torbjørn Lem Gjesteland","Bergen","55 31 72 10","","","ingen nettside"
"Tenners venner AS - Din lokale Tannlege og Tannpleier i Drammen","Drammen","32 82 38 30","https://tennersvenner.no/","post@tennersvenner.no","ok"
"skydent as","Drammen","98 84 87 11","https://tannlege.drammen.no/","kundeservice@gronlandtannlegevakt.no","ok"
"Tim Szkobcov","Bergen","","http://kjeveortopedibergen.no/","tim@kjeveortopedibergen.no","ok"
"Estetika Tannklinikk - Tannlege Bergen","Bergen","56 90 40 04","https://estetikatannklinikk.no/","kontakt@estetikatannklinikk.no","ok"
"Nydal Birte Tannlege","Bergen","55 31 02 81","","","ingen nettside"
"Tannlege Arne Lund AS","Bergen","55 32 08 04","http://www.broegelmann.no/","broegelmannhuset@orisdental.no","ok"
"Tannlege Anette Amundsen AS","Bergen","45 87 83 00","http://www.tannlegeamundsen.no/","post@tannlegeamundsen.no","ok"
"TANNLEGE BAUGE AS","Bergen","55 59 59 65","https://tannlegebauge.no/","tannlege.bauge@gmail.com","ok"
"Siren Skaale","Bergen","55 32 51 87","","","ingen nettside"
"Tannlege Sverre Eldrup AS","Bergen","55 90 02 30","","","ingen nettside"
"Tannlege Mette Rogne","Bergen","55 32 80 96","","","ingen nettside"
"Tellef Øy Tannlege","Bergen","55 31 58 86","https://tannlege-oy.no/","","ingen e-post funnet"
"Tannlege Frida B. Forland","Bergen","55 31 66 61","http://www.tannlegeforland.no/","post@tannlegeforland.no","ok"
"Truls S Vatne Tannlege (Fortunen)","Bergen","55 90 11 29","","","ingen nettside"
"Tannlege Tore Norderval AS","Bergen","95 00 22 00","http://www.tannlegenorderval.no/","tannlege.norderval@gmail.com","ok"
"Tannlege Raymond de Freitas AS","Trondheim","73 52 77 44","","","ingen nettside"
"Solheimsviken tannklinikk","Bergen","55 33 75 80","https://www.tannlegernorge.no/vestland/bergen/solheimsviken-tannklinikk/","","ingen e-post funnet"
"Tannlege Wiggo Randers AS","Trondheim","73 52 48 68","","","ingen nettside"
"Tannlege Randi Rian Five","Trondheim","73 52 08 75","","","ingen nettside"
"Sentral Dental AS","Trondheim","73 53 45 36","http://www.sentraldental.no/index.php/kontakt-oss","","ingen e-post funnet"
"Tannlege Arne-Henrik Finnanger","Trondheim","92 11 01 02","http://www.tannlege-finnanger.no/","","ingen e-post funnet"
"Bradbenken Dental | Tannlege Trine Aasen & Co","Bergen","55 23 34 20","https://www.bradbenkendental.no/","post@bradbenkendental.no","ok"
"Tannlege Hanne Marita Spissøy","Trondheim","73 53 03 15","","","ingen nettside"
"Nordre Tannhelse","Trondheim","73 84 13 20","","","ingen nettside"
"Tannlege Kristoffer Øvstetun","Bergen","55 90 14 26","http://www.tannlege-ovstetun.no/","post@tannlege-ovstetun.no","ok"
"Lars Husby","Trondheim","73 52 99 55","","","ingen nettside"
"Tannlegesentralen avd Sentrum","Bergen","55 31 60 04","http://www.tannlegesentralen.no/","","ingen e-post funnet"
"Terje Wold AS","Trondheim","73 52 07 97","","","ingen nettside"
"Tannlege Hans-Petter Hille","Bergen","55 32 85 78","http://dreggentann.no/","hille@dreggentann.no","ok"
"Abelgården Tannklinikk AS","Trondheim","73 53 28 16","https://abelgardentannklinikk.no/","post@abelgardentannklinikk.no","ok"
"Ranheim tannklinikk","Trondheim","74 17 58 88","","","ingen nettside"
"Tannklinikken Dent - Trondheim","Trondheim","73 80 55 10","https://dent.as/","info@dent.as","ok"
"Tannlege Hanne Bach","Trondheim","73 52 87 44","http://www.abc-tannklinikken.no/","","ingen e-post funnet"
"Eliassen Tannhelse - Tannlege Trondheim","Trondheim","72 60 60 30","","","ingen nettside"
"Tannlege Trond Holstad AS Tannregulering","Trondheim","73 50 50 23","","","ingen nettside"
"Tannlegegården","Trondheim","73 89 98 00","","","ingen nettside"
"Tanngarden","Trondheim","","","","ingen nettside"
"Tannlege Anne Kathrine Lehn","Trondheim","72 60 60 30","","","ingen nettside"
"Angelltrøa tannklinikk v/Jan Olav Nilsen","Trondheim","73 91 67 90","https://www.angelltann.no/","","ingen e-post funnet"
"Tannlege Leif Henrik Borge Olsen AS","Trondheim","95 88 89 77","","","ingen nettside"
"Tannreg AS","Trondheim","73 52 54 88","","","ingen nettside"
"Thorleif Weie","Trondheim","95 23 67 15","","","ingen nettside"
"Kjell Tannlege Ulsund AS","Trondheim","73 56 88 00","","","ingen nettside"
"Tannlege Øvrelid","Trondheim","73 80 95 30","http://tannlegeovrelid.no/","","ingen e-post funnet"
"Tore Bjørndal Ulstein Tannlege","Trondheim","73 53 28 16","https://tannlege.nu/trondheim/tannlege-tore-bjorndal-ulstein/","","ingen e-post funnet"
"Østervågtannlegene - Tannlege i Stavanger","Stavanger","51 89 50 80","http://otann.no/","post@otann.no","ok"
"Leüthenhaven P-hus","Trondheim","73 10 98 80","http://trondheimparkering.no/","post@trondheimparkering.no","ok"
"Tannlegene Sveinsson & Moen","Drammen","32 84 60 52","http://www.liertannlegene.no/","","ingen e-post funnet"
"Sammen Tannhelse","Bergen","55 54 52 63","https://www.sammen.no/no/bergen/helse/tannlege","","ingen e-post funnet"
"Apollonia Tannlegesenter","Stavanger","95 98 68 56","https://apolloniadental.no/","post@bykronen-dental.no","ok"
"Tannlegeklinikken tre Kronor","Trondheim","73 52 52 21","https://www.trekronor.no/","midtbyen@tytannklinikk.no","ok"
"Tannlege Hans Kristian Ognedal","Stavanger","51 52 03 17","http://www.bratann.no/","post@bykronen-dental.no","ok"
"Tannlege Geir Tidemann Førland","Stavanger","51 85 60 30","","","ingen nettside"
"Tannlege Stig Ohm","Stavanger","51 53 75 40","","","ingen nettside"
"Tor Oldrik Einarsen Tannlege","Stavanger","51 85 60 30","","","ingen nettside"
"Tannlege Janette Serene Galdal Hansen","Stavanger","51 55 89 00","","","ingen nettside"
"Tannlegene Nag & Prokes","Stavanger","51 52 12 23","http://nogp.no/","post@nogp.no","ok"
"Lene Bøe Tannlege Burgaard","Stavanger","","","","ingen nettside"
"Hillevågstannlegene","Stavanger","51 82 72 72","https://hillevagstannlegene.no/","","ingen e-post funnet"
"Sletten Tannlegesenter","Bergen","55 27 30 90","http://www.slettentannlegesenter.no/","","ingen e-post funnet"
"Jone Heggheim Tannlege","Stavanger","40 46 28 92","https://booking.bykronen-dental.no/jone-heggheim","support@cal.com","ok"
"Stavanger Tann- og Kjeveklinikk","Stavanger","51 53 01 99","https://stavangertann.no/","post@stavangertann.no","ok"
"Tannlegene på Sølvberget AS","Stavanger","51 22 49 15","http://www.perleraden.net/","post@perleraden.net","ok"
"Tannlege Christian Tønnessen AS","Stavanger","51 55 55 45","","","ingen nettside"
"Tannlege Anne Live Omholt","Stavanger","51 56 59 00","http://tannklinikkomholtlie.no/","tastatannklinikk@gmail.com","ok"
"Tannlegene i Centralgaarden","Stavanger","51 89 30 60","http://www.centralgarden.no/","post@velvaregarden.no","ok"
"Bjørn Mølster","Stavanger","51 89 42 43","","","ingen nettside"
"Valentinlyst Tannlegekontor","Trondheim","73 91 13 13","https://valentinlysttannlegekontor.no/","","ingen e-post funnet"
"Tannlege Tore Tjosevik AS","Stavanger","51 57 14 98","","","ingen nettside"
"Tannleger","Stavanger","","","","ingen nettside"
"Stokkaveien tannlegekontor","Stavanger","51 52 50 70","http://www.stokkatann.no/kontakt","","ingen e-post funnet"
"Tannlege Marke Franca","Stavanger","51 57 14 98","","","ingen nettside"
"Sander & Büchner ANS","Stavanger","51 89 50 80","","","ingen nettside"
"Tannlegene i St. Olav","Stavanger","51 52 84 52","http://www.tisto.no/kontakt","post@tisto.no","ok"
"Tannlege Ole Chr. Amundsen AS","Stavanger","51 56 52 50","http://tannforum.no/","info@tannforum.no","ok"
"Tannlegene Hetland AS","Stavanger","51 88 15 80","http://www.tannlegenehetland.no/","post@tannlegenehetland.no","ok"
"Tannlegene i Velværegården","Stavanger","51 89 30 60","http://www.velvaregarden.no/","post@velvaregarden.no","ok"
"Active Branch As","Kristiansand","38 02 23 13","","","ingen nettside"
"Tannlege Torjesen","Kristiansand","38 60 15 51","","","ingen nettside"
"Tenner og Trivsel","Stavanger","51 52 96 18","https://www.tennerogtrivsel.no/","","ingen e-post funnet"
"Tannlege Torbjørn Aareskjold","Stavanger","51 58 86 83","http://www.tannlegeteamet.no/","post@tannlegeteamet.no","ok"
"DMDL TANNKLINIKK & TANNLEGEVAKT","Kristiansand","94 09 99 33","https://dmdldental.no/","post@dmdl.no","ok"
"Industrigata Tannlegesenter","Kristiansand","","","","ingen nettside"
"Syrtveit Dental AS","Kristiansand","38 12 46 46","","","ingen nettside"
"Tannregulering Sør AS","Kristiansand","91 86 10 46","https://www.tannregsor.no/","post@tannregsor.no","ok"
"Randesund Tannlegesenter","Kristiansand","38 14 83 90","","","ingen nettside"
"Tannlegene Røisland og Merde AS","Kristiansand","38 02 99 11","","","ingen nettside"
"Akutt Tannlege","Kristiansand","","","","ingen nettside"
"Torjer Bertelsen","Stavanger","91 19 80 23","https://www.opendi.no/stavanger/74941.html","","ingen e-post funnet"
"Tannlege Dr Sean S Attariani D.M.D.","Kristiansand","94 22 45 91","","","ingen nettside"
"Vali Honarmandi","Kristiansand","38 62 01 40","","","ingen nettside"
"Tannlege Lind AS","Kristiansand","","","","ingen nettside"
"Vennadent Tannklinikk","Stavanger","51 80 00 52","https://vennadent.no/","","ingen e-post funnet"
"Tannlege Håkstad Glad As","Kristiansand","","","","ingen nettside"
"Tinnheia tannlegekontor AS","Kristiansand","38 03 06 88","","","ingen nettside"
"Kjøita tannklinikk","Kristiansand","38 60 35 20","http://www.kjoitatannklinikk.no/","","ingen e-post funnet"
"Jan Trydal","Kristiansand","38 12 06 66","","","ingen nettside"
"Sør Dental","Kristiansand","38 07 00 07","","","ingen nettside"
"Tannlege Tor Myrmel AS","Kristiansand","38 02 73 30","","","ingen nettside"
"Eirik Nesheim Tannlege AS","Kristiansand","38 09 54 10","","","ingen nettside"
"Tannlege Klouman Kristiansand","Kristiansand","38 02 24 63","http://www.tannlegeklouman.no/","post@tannlegeklouman.no","ok"
"Tannlege Løvdal As","Kristiansand","","","","ingen nettside"
"TANNLEGE ANE RIBE NERLAND AS","Kristiansand","48 86 60 00","","","ingen nettside"
"Tor Erling Jahnsen","Kristiansand","90 13 01 47","","","ingen nettside"
"Tannlege Susanne Hou Pedersen","Kristiansand","38 12 09 60","https://tannlegeneigyldenlovesgate.no/","hei@gyldentann.no","ok"
"HELSEHUSET KRISTIANSAND","Kristiansand","","https://www.helsehusetkrs.no/","service@butleren.no","ok"
"Stines Tannklinikk","Fredrikstad","98 03 00 00","","","ingen nettside"
"Tannlege Nguyen Nguyen Nguyen","Fredrikstad","69 31 66 56","","","ingen nettside"
"Dorota Tannlege Mielnicka","Fredrikstad","69 31 25 01","","","ingen nettside"
"Tannlege Bente Bjørklund","Fredrikstad","69 31 93 65","","","ingen nettside"
"Vågsbygd Tannhelsesenter","Kristiansand","38 08 53 52","http://vågsbygdtannlege.com/","","ingen e-post funnet"
"Marianne Hannås Tannlege","Fredrikstad","69 31 17 92","","","ingen nettside"
"Ulf Gerhard Boman","Fredrikstad","69 39 09 00","","","ingen nettside"
"Fredrikstad tannklinikk, avdeling Borge","Fredrikstad","69 11 77 00","","","ingen nettside"
"Tannregulering Kristiansand AS","Kristiansand","38 02 31 90","http://www.tannregulering-krs.com/","post@tannreguleringkrs.no","ok"
"Tannlege Thomas Gjølstad","Fredrikstad","69 31 24 24","http://www.gjoelstad.no/","fredrikstad@colosseum.no","ok"
"Kai B Hannestad","Fredrikstad","69 36 88 00","","","ingen nettside"
"Tannlegene Arntzen Og Langvik","Fredrikstad","","","","ingen nettside"
"Helseklinikken Fredrikstad","Fredrikstad","48 90 37 11","https://helseklinikker.no/","post@helseklinikker.no","ok"
"Tannlegene Steinum","Fredrikstad","69 31 25 27","","","ingen nettside"
"Tannlege Finn Andre Hammer","Fredrikstad","69 36 88 00","","","ingen nettside"
"Tannlege Anne Marte Frestad Andersen","Fredrikstad","98 13 23 82","","","ingen nettside"
"KVADRATUREN TANNREGULERING Eva Hasund","Kristiansand","38 04 85 00","http://helsehusetkristiansand.no/barbel-hasund","service@butleren.no","ok"
"Spesialistklinikk AS","Kristiansand","38 02 55 22","https://spesialistklinikk.com/","post@spesialistklinikk.com","ok"
"Tannlege Homayoun Riazati AS","Fredrikstad","69 31 32 82","","","ingen nettside"
"Christianssand Dentallaboratorium","Kristiansand","38 02 50 25","http://www.chrdental.no/","","ingen e-post funnet"
"Tannlege Annie Munezero","Fredrikstad","45 06 08 80","","","ingen nettside"
"Tannlege Albena Simeonova Popova","Fredrikstad","69 31 01 43","","","ingen nettside"
"Denta AS","Fredrikstad","69 31 53 73","","","ingen nettside"
"Tannlegene i Fredrikstad","Fredrikstad","69 31 17 92","http://www.tannlegeneifredrikstad.no/","tannlegeneifredrikstad@gmail.com","ok"
"A. Varreng tannklinikk","Fredrikstad","69 31 79 79","http://tannlegevarreng.no/","andersvarreng@hotmail.com","ok"
"Dentistry AS","Fredrikstad","69 31 83 00","","","ingen nettside"
"Svein Yngvar Lund","Fredrikstad","92 83 89 11","","","ingen nettside"
"Anna Simeonova Popova","Fredrikstad","45 07 87 38","","","ingen nettside"
"Balder tannklinikk As","Fredrikstad","69 31 51 00","http://www.b-t.no/","andreas@b-t.no","ok"
"Ørebekk Tannklinikk (tannlege Vidar Rønning)","Fredrikstad","69 31 76 17","http://tannlegeronning.no/","post@orebekktannklinikk.no","ok"
"Annas Tannklinikk","Fredrikstad","69 31 01 43","https://www.annastannklinikk.no/","","ingen e-post funnet"
"Kråkerøytannlegene AS","Fredrikstad","69 33 11 16","https://www.kråkerøytannlegene.no/","","ingen e-post funnet"
"Geir Olav Klette","Sandnes","51 66 46 13","","","ingen nettside"
"Kambo Tannklinikk","Fredrikstad","69 25 25 00","http://www.kambotannklinikk.no/","mymail@mailservice.com","ok"
"Tannlege Avan Bamerni","Sandnes","48 04 46 70","","","ingen nettside"
"Elvebredden Tannlegesenter","Kristiansand","38 09 27 00","http://www.elvebredden-tannlegesenter.no/","","ingen e-post funnet"
"Marit O Meling","Sandnes","51 97 27 37","","","ingen nettside"
"Tannlegene Meling & Gjersem","Sandnes","51 97 27 37","","","ingen nettside"
"Tannlege Martin Kretschmar","Sandnes","51 68 14 00","","","ingen nettside"
"Tannlege May Brit Høyvik","Sandnes","","","","ingen nettside"
"Tannlege Jan Skram Ellingsen","Sandnes","51 66 28 03","","","ingen nettside"
"Tannlege Guttorm Haug","Sandnes","","","","ingen nettside"
"Bernt Vidar Vagle - Tannlege","Sandnes","51 68 14 00","http://tannlegevagle.no/","post@tannlegevagle.no","ok"
"Jan Helge Brandsdal","Sandnes","51 62 49 96","","","ingen nettside"
"Tannlege Irma Hidanovic","Fredrikstad","99 33 22 00","https://www.linkedin.com/authwall?trk=ripf&trkInfo=AQFGhDw-wzzMWwAAAXc_4fkwLvvBAEYzkIjuVTQDufF5rnaUl1_FVckhxQtoRnRXeR66P6iefY7nxmo0NY4zxhxSjN3_2qwwiq91NebQCmrIqD05RaywQ2YUQBq9F4vV8E-bBVY=&originalReferer=https://www.google.com/&sessionRedirect=https%3A%2F%2Fno.linkedin.com%2Fin%2Firma-hidanovic-glumcevic-b461971b6","","ingen e-post funnet"
"Tannbygget","Tromsø","","","","ingen nettside"
"Tannlege Ranghild Hesla Breie AS","Tromsø","97 53 33 70","","","ingen nettside"
"Tannlege Urd Lilleng AS","Tromsø","97 77 41 40","","","ingen nettside"
"Tannlege Kristin Camilla Olsen","Tromsø","77 68 49 31","","","ingen nettside"
"Sigmund Rønneberg","Sandnes","51 67 76 25","https://tannlegeronneberg.no/","post@tannlegeronneberg.no","ok"
"Østfoldhallen Tannklinikk","Fredrikstad","40 06 15 15","https://www.ostfoldhallentannklinikk.no/","ostfoldhallentannklinikk@hotmail.com","ok"
"Tannlege Hans Are Ovanger","Tromsø","93 40 14 90","","","ingen nettside"
"Tannlege Fahri M Demirbas AS","Sandnes","48 04 46 70","https://tannlegefahri.no/","tannlege.fahri@outlook.com","ok"
"Tannlege Bjørn Jakobsen","Tromsø","77 68 72 32","","","ingen nettside"
"Bai Tannhelseklinikken AS","Tromsø","45 00 82 60","","","ingen nettside"
"Tannlege Guro Møller AS","Tromsø","97 19 83 75","","","ingen nettside"
"Tannlege Auli Maria Takarautio","Tromsø","46 98 51 84","","","ingen nettside"
"MNTF Tannlege Camilla Bomstad","Tromsø","77 68 18 60","","","ingen nettside"
"Tannlege Nikola Azanjac","Tromsø","95 18 37 35","","","ingen nettside"
"Tannlege Linn Flatli AS","Tromsø","99 60 52 18","","","ingen nettside"
"Tannlege Tone Kuzmiszyn","Tromsø","","","","ingen nettside"
"Kari Mette Andersen","Tromsø","92 22 99 01","","","ingen nettside"
"Tannlege Nils John Somby","Tromsø","47 62 22 33","","","ingen nettside"
"Manstad Tannklinikk","Fredrikstad","69 31 60 60","https://manstadtannklinikk.no/","post@manstadtannklinikk.no","ok"
"Dental Pluss AS","Sandnes","94 83 68 00","https://dentalpluss.no/","hans-otto@dentalpluss.no","ok"
"Implantat klinikken AS","Tromsø","77 66 10 20","http://www.implantatklinikken.no/","epost@implantatklinikken.no","ok"
"Kjeveortoped Brusveen AS","Trondheim","73 52 14 17","http://kjeveortoped-brusveen.no/","post@kjeveortoped-brusveen.no","ok (2. pass)"
"Tannlege Kjetil Pedersen","Sarpsborg","69 14 50 05","http://www.tannlegepedersen.no/","","ingen e-post funnet"
"Clinident Tannlege Agnieszka Aleksandra Nordhagen","Sarpsborg","69 15 02 01","","","ingen nettside"
"Tannlege Rønneberg","Sandnes","47 99 88 77","http://tannlegerønneberg.no/","post@tannlegeronneberg.no","ok"
"Tannlege Dilshad","Sarpsborg","","","","ingen nettside"
"Malin Ludvigsen","Sarpsborg","95 99 93 67","","","ingen nettside"
"Sarpsborg tannklinikk","Sarpsborg","69 11 77 00","https://ofk.no/tjenester/tannhelse/tannklinikker/","post@ofk.no","ok"
"Tannklinikk1 AS","Tromsø","77 61 08 02","http://tannklinikk1.com/","post@tannklinikk-1.no","ok"
"Tannlege Kjærstad","Tromsø","77 68 31 88","http://tannlegekjaerstad.no/","resepsjon@tannlegekjaerstad.no","ok"
"Siri Birgit Willersrud","Sarpsborg","69 15 30 67","","","ingen nettside"
"Magne Tannlege Kjelsberg","Sarpsborg","69 12 15 61","","","ingen nettside"
"Tannlegespesialistene AS","Tromsø","77 28 01 00","http://www.tannlegespesialistene.no/","post@tannlegespesialistene.no","ok"
"Turid Johanne Schille","Sarpsborg","69 14 18 32","","","ingen nettside"
"Tannlege Veslemøy","Sarpsborg","69 12 15 60","https://www.tannlegerinorge.no/tannleger.asp?CMD=Fylke&Fylke=1&S=5","post@tannlegerinorge.no","ok"
"Odd Arild Liholt","Sarpsborg","97 01 71 73","","","ingen nettside"
"Lars Resberg","Sarpsborg","69 14 50 05","","","ingen nettside"
"Fylkestannlegen i Østfold","Sarpsborg","69 11 70 00","","","ingen nettside"
"Dag Messel AS","Sarpsborg","69 15 32 84","","","ingen nettside"
"Øyvind Auensen","Sarpsborg","69 14 90 31","","","ingen nettside"
"Jon Einar Gjerde","Sarpsborg","69 12 15 62","","","ingen nettside"
"Amin Homayouni","Sarpsborg","95 96 15 71","","","ingen nettside"
"Storbyen tannklinikk 2","Sarpsborg","45 95 52 68","","","ingen nettside"
"Tannlege Igland","Sarpsborg","69 22 12 05","","","ingen nettside"
"Per Olaf Toftner","Sarpsborg","48 24 18 52","","","ingen nettside"
"Tannlege Svein Thomas Halvorsen","Sarpsborg","69 13 09 30","http://www.tryggtannbehandling.no/Om-oss/Tannleger-og-tannpleiere/Tannlege-Svein-Thomas-Halvorsen/","","ingen e-post funnet"
"Tannlege Britt Aarstad Kalve","Skien","35 52 95 22","http://aarstadholler.no/","","ingen e-post funnet"
"Tannlegene Wevelstad","Sarpsborg","69 12 02 05","http://www.wevelstad.no/","","ingen e-post funnet"
"Hanna Kern Dental AS","Skien","35 49 97 99","","","ingen nettside"
"Tannlegene Prestegaard & Ådalen - Sarpsborg","Sarpsborg","69 16 00 00","http://www.tannik.no/","sarpsborg@orisdental.no","ok"
"Kirsten B Aanesen","Skien","35 52 04 69","","","ingen nettside"
"Moreau William Tannlege","Skien","35 51 96 04","","","ingen nettside"
"Carsten Aas","Skien","92 03 61 01","","","ingen nettside"
"GrålumTannlegene i Sarpsborg","Sarpsborg","69 14 57 55","http://www.graalumtannlegene.no/","post@graalumtannlegene.no","ok"
"Berntsen Tannlegesenter","Skien","35 52 20 60","","","ingen nettside"
"H&G Tannhelse med tannlege Hilde Ekholt Byrkjeflot","Skien","35 52 07 01","","","ingen nettside"
"Lars Petter Røise","Skien","35 52 83 62","","","ingen nettside"
"Ståle Bentsen","Skien","41 40 00 85","","","ingen nettside"
"Tannlege Nima Tehrani","Skien","35 52 60 72","","","ingen nettside"
"Skien Oralkirurgiske klinikk AS","Skien","35 54 43 70","","","ingen nettside"
"Eilef Landsverk","Skien","35 51 96 03","","","ingen nettside"
"Tannlege Nils Jacob Erichsen","Skien","35 52 95 22","","","ingen nettside"
"Are Westlie","Skien","35 52 27 10","","","ingen nettside"
"Tannhelsetenesta, den Offentlege Spesialisttannklinikken Skien","Skien","35 58 39 30","","","ingen nettside"
"Tannlege Coldevin AS","Ålesund","70 14 02 37","","","ingen nettside"
"Hege Leikanger","Ålesund","","","","ingen nettside"
"Glade smil Tannlege AS","Sandnes","45 91 10 20","http://www.gladesmil32.no/","","ingen e-post funnet"
"Tannlege Stanimir Kamenov - Skansen Tannlegekontor","Ålesund","99 49 22 39","","","ingen nettside"
"Tannlege Lena Godø","Ålesund","70 27 02 00","","","ingen nettside"
"Skansen Tannlegekontor","Ålesund","99 49 22 39","","","ingen nettside"
"Dento2 As","Ålesund","70 11 44 99","","","ingen nettside"
"Fredrik Skodje","Ålesund","94 20 48 91","","","ingen nettside"
"Tannlege Thomas Røn","Ålesund","70 14 18 55","","","ingen nettside"
"Geir Sæther Slettvoll","Ålesund","70 15 26 40","","","ingen nettside"
"Skodje tannklinikk AS","Ålesund","70 27 53 40","","","ingen nettside"
"Tannlege Kjetil Børre Ødegaard","Ålesund","90 69 80 93","","","ingen nettside"
"Tannlege Lars Lothe AS","Ålesund","41 47 44 15","","","ingen nettside"
"Marianne Nødtvedt | Tannlege i Ålesund","Ålesund","99 74 88 95","","","ingen nettside"
"Tannlege Marianne Nødtvedt","Ålesund","70 15 26 40","","","ingen nettside"
"Tannlege Frode Frisvold","Ålesund","70 12 26 22","","","ingen nettside"
"Tannlege Forbord","Ålesund","","","","ingen nettside"
"A C Heggholt","Ålesund","70 12 22 94","","","ingen nettside"
"Are Kristofer Hjeltnes","Ålesund","70 14 13 12","","","ingen nettside"
"Hallvard Nødtvedt","Ålesund","91 19 99 78","","","ingen nettside"
"Hjellen 9 Tannklinikk","Skien","35 52 30 39","http://www.hjellen9.no/","post@hjellen9.no","ok"
"Jostein Strandman","Ålesund","70 14 18 55","","","ingen nettside"
"Torbjørn Breivik","Ålesund","70 12 12 21","","","ingen nettside"
"Intercare As","Ålesund","","","","ingen nettside"
"Jan Matre","Ålesund","70 15 26 40","","","ingen nettside"
"Kari Sønderland","Ålesund","46 69 53 43","","","ingen nettside"
"Jan Inge Leira","Ålesund","91 51 99 41","","","ingen nettside"
"Tannlegene Granmo","Ålesund","70 12 56 22","http://www.tannlegenegranmo.no/","post@tannlegenegranmo.no","ok"
"Badeparken tannklinikk","Sandefjord","33 46 27 73","","","ingen nettside"
"Skien Tannlegesenter & Skien Tannlegevakt","Skien","90 83 17 88","http://www.skientannlegesenter.com/","post@skientannlegevakt.no","ok"
"Sjøholt Tannklinikk","Ålesund","70 27 36 70","https://sjotann.no/","post@sjotann.no","ok"
"Tannlege Marianne Erikssen","Skien","35 52 56 89","http://tannlege-erikssen.no/","tannlege.erikssen@gmail.com","ok"
"Tannlege Mehdi Darouei","Sandefjord","33 46 27 73","https://www.tannlegemehdidarouei.no/tannlege","","ingen e-post funnet"
"Jens Petter Le Van Su","Sandefjord","45 48 43 25","","","ingen nettside"
"Tannlege Lilly Dahlström AS","Sandefjord","90 63 93 69","https://www.tannlegelillydahlstrom.no/","kontakt@eksempel.no","ok"
"Tannklinikken Skeie","Sandefjord","33 46 61 71","http://www.tannklinikken.no/?utm_source=gmb&utm_medium=organic&utm_campaign=&utm_term=klinikkside","resepsjon@tannklinikken.no","ok"
"Tannlege Godberg","Sarpsborg","69 15 27 43","http://tannlegegodberg.no/","","ingen e-post funnet"
"Tannlege MNTF, spesialist i periodonti Bernt Johan Evensen","Sandefjord","33 46 52 18","","","ingen nettside"
"Kjeveortoped Ella Aasrum","Sandefjord","33 46 34 40","","","ingen nettside"
"KariAnne Balstad Tannlege","Sandefjord","33 46 33 61","","","ingen nettside"
"Tannblekingsklinikken AS","Sandefjord","99 10 13 33","","","ingen nettside"
"Lise Serigstad","Sandefjord","48 99 01 60","","","ingen nettside"
"Astrid Tannpleierpraksis Høgsand","Sandefjord","33 46 84 48","","","ingen nettside"
"Henry Normann Nilsen","Sandefjord","93 05 30 12","","","ingen nettside"
"Reidar Chr Øyen tannlege","Sandefjord","33 46 35 65","http://www.tannlegeoyen.no/","","ingen e-post funnet"
"Tannlegene Lande/Tjessheim","Haugesund","52 72 24 87","","","ingen nettside"
"Storbyen Senter","Sarpsborg","69 12 07 13","https://www.storbyen.no/","vekter.storbyen@avarnsecurity.com","ok"
"Tannlegekontoret Fides AS","Haugesund","52 71 20 18","","","ingen nettside"
"Sarpsborg Dental AS","Sarpsborg","69 15 67 88","http://sarpsborgdental.no/","sarpsborgdental@yahoo.no","ok"
"Tannlegevakten Haugesund","Haugesund","90 12 96 00","","","ingen nettside"
"Anna Benedicte Pugerud Tannlege","Haugesund","52 01 08 65","","","ingen nettside"
"Tannlege Fjære AS","Haugesund","52 72 34 27","","","ingen nettside"
"Tannlege Siv Storesund","Haugesund","52 01 08 61","","","ingen nettside"
"Perio Tannklinikk AS","Sandefjord","33 46 22 11","https://perioklinikken.com/","post@perioklinikken.com","ok"
"Haugesund","Haugesund","","","","ingen nettside"
"Signe Tannlege Storesund","Haugesund","52 01 08 80","","","ingen nettside"
"Bjarne Housken","Haugesund","52 71 10 00","http://tannsenteret.no/","","ingen e-post funnet"
"Tannlege Glenn Slette","Sarpsborg","69 87 74 44","https://tannlegeglennslette.no/","tannlege.glennslette@live.no","ok"
"Victoriahjørnet","Haugesund","","","","ingen nettside"
"Gunnar Tannlege Amundsen","Haugesund","52 72 19 60","","","ingen nettside"
"Tannlege Karin Holmgard AS","Haugesund","52 71 11 00","","","ingen nettside"
"Medico tannlege Guido Stüttgen","Haugesund","52 82 22 22","","","ingen nettside"
"Tannlege Førland AS","Haugesund","52 71 39 24","","","ingen nettside"
"Øyvind Ketil Haga","Haugesund","52 73 64 57","","","ingen nettside"
"Raili Randmer Olsen","Haugesund","52 72 38 43","","","ingen nettside"
"Tannlege Arnstein Arvesen Mntf","Haugesund","","","","ingen nettside"
"Tannlege Jouko Rytilahti","Haugesund","52 01 08 63","","","ingen nettside"
"Tom Tannlege Trippestad","Haugesund","52 72 19 60","","","ingen nettside"
"Hekla Tannregulering AS","Haugesund","52 85 11 03","","","ingen nettside"
"Arne Bastholm","Haugesund","52 71 33 95","","","ingen nettside"
"Tannlege Vee i Haugesund","Haugesund","52 71 31 80","http://www.tannlegenevee.no/","klinikk@tannhelsehuset.no","ok"
"Kongensgate Tannklinikk AS","Sandefjord","33 46 22 45","http://kongensgate-tannklinikk.no/","post@tannklinikken-mk.no","ok"
"24/7-bygget","Haugesund","","","","ingen nettside"
"Kjeveortoped","Haugesund","","","","ingen nettside"
"Svend Andreas Aasland","Haugesund","52 71 20 18","","","ingen nettside"
"Sandefjord Tannregulering AS","Sandefjord","33 46 34 40","http://www.sandefjordtannregulering.no/Kontakt/","post@sandefjordtannregulering.no","ok"
"Aksdal Tannklinikk AS","Haugesund","52 77 57 00","https://www.facebook.com/Aksdal-Tannklinikk-485675821575617/timeline/","","ingen e-post funnet"
"Tannlege Sigmund Alsos","Haugesund","52 72 30 71","https://www.tannlegealsos.no/","alsos@tannlegealsos.no","ok"
"Klinikk 3 Tannleger","Haugesund","52 01 08 60","https://www.k3t.no/","haugesund@orisdental.no","ok"
"Eik tannlegesenter","Tønsberg","33 31 16 68","https://eiktannlegesenter.no/","post@eiktannlegesenter.no","ok"
"Tannlege Marthe Angelsen","Sandefjord","33 44 60 30","https://www.1881.no/tannlege/tannlege-vestfold/tannlege-sandefjord/tannlege-marthe-angelsen_107284161S10/","post@tannklinikken.no","ok (2. pass)"
"Tønsberg Tannclinique","Tønsberg","33 36 77 76","https://ttq.no/","post@ttq.no","ok"
"Tannlege Aslak Kringlegarden","Tønsberg","33 31 11 82","","","ingen nettside"
"Tannlege Rune Esbjørnsen","Tønsberg","33 31 41 95","","","ingen nettside"
"Ditt Smil Tannhelse","Tønsberg","33 31 13 90","http://dittsmiltannhelse.no/","htntann@gmail.com","ok"
"Tannlege Einar Trægde Nørstebø AS","Tønsberg","33 37 98 04","","","ingen nettside"
"Tønsberg Tannlegevakt","Tønsberg","40 61 12 12","https://tonsbergtannlegevakt.no/","post@tonsbergtannlegevakt.no","ok"
"Tannlegene Otterstad","Skien","35 93 03 60","http://tannlegeneotterstad.no/","","ingen e-post funnet"
"Tannlege Ellen Lier","Tønsberg","33 31 49 20","","","ingen nettside"
"Steinar Matre","Tønsberg","33 31 24 42","","","ingen nettside"
"TANNLEGE KRISTIAN AANDAHL AS","Tønsberg","33 34 46 70","","","ingen nettside"
"Gisle Sverre Prøsch Tannlege","Tønsberg","33 37 98 03","","","ingen nettside"
"Bjørn J Hansen AS","Tønsberg","33 31 22 36","http://www.kjevekirurgen.no/","bjhan3@online.no","ok"
"Ranveig Roberg","Tønsberg","33 32 84 50","","","ingen nettside"
"Tannlege Hopen & Co AS","Tønsberg","33 31 12 98","http://tannlegehopen.no/","post@tannlegehopen.no","ok"
"Tannlege Main Lisbeth Teien Dale","Tønsberg","33 31 54 70","","","ingen nettside"
"Olav Eide","Tønsberg","33 37 82 82","","","ingen nettside"
"Dentatec Dental AS","Tønsberg","47 63 81 12","","","ingen nettside"
"Sigurd Sondresen","Tønsberg","33 31 31 03","","","ingen nettside"
"Ole M Kulbraaten AS","Tønsberg","33 37 82 82","","","ingen nettside"
"Eivind Andersen","Tønsberg","33 37 82 82","","","ingen nettside"
"Tannlege Hai Hoang Nguyen","Moss","69 25 43 55","","","ingen nettside"
"Tanngården Haugesund AS","Haugesund","52 72 41 97","http://tanngården.no/","","ingen e-post funnet"
"Tannlege Atle Trondsen","Moss","69 25 26 05","https://tannlegetrondsen.no/","","ingen e-post funnet"
"Tannlege Olav Johansen","Moss","69 24 94 45","","","ingen nettside"
"Frisk Tannhelse avd. Tønsberg sentrum","Tønsberg","33 32 84 50","https://www.frisktannhelse.no/","","ingen e-post funnet"
"Tønsberg Tannregulering AS","Tønsberg","33 31 55 66","http://tonsbergtannregulering.no/","tonsbergtannregulering@gmail.com","ok"
"Tom Roger Arctander","Porsgrunn","35 55 33 39","","","ingen nettside"
"Zeyad Abdul-Hamid","Porsgrunn","94 48 96 16","","","ingen nettside"
"Tannlege Thomas Arentz","Tønsberg","33 31 31 90","https://tannlegearentz.no/","tonsberg@colosseum.no","ok"
"Bjørn Hobæk","Porsgrunn","35 51 39 20","","","ingen nettside"
"Tannlege MNTF Magne Granmar","Porsgrunn","35 55 67 40","","","ingen nettside"
"Haugesund Medisinske Senter","Haugesund","52 70 39 00","http://www.haugesundmedisinske.no/","hmskiropraktikk@gmail.com","ok (2. pass)"
"Haugesund Tannmedisin","Haugesund","52 72 12 40","https://www.tannmed.no/","post@tannmed.no","ok"
"Tannlege Anne Bugge-Paulsen","Porsgrunn","35 55 79 69","","","ingen nettside"
"Tannlegene Schriwer og Thorkildsen","Porsgrunn","35 55 22 50","","","ingen nettside"
"Gap Opp AS","Porsgrunn","35 55 22 16","","","ingen nettside"
"Tannlegene i Teiegården","Tønsberg","33 30 48 70","http://norveel.no/","post@norveel.no","ok"
"Tannlege Jon-Audun Solem","Moss","69 20 54 10","https://solemogtrondsen.no/om-oss/","moss@colosseum.no","ok"
"Tannlege Anas Alhaydar","Porsgrunn","","","","ingen nettside"
"Dento AS","Porsgrunn","35 55 54 00","","","ingen nettside"
"Tannlege Morten Wesseltoft","Porsgrunn","35 55 22 16","","","ingen nettside"
"Tommy Lønhøiden","Tønsberg","33 31 11 90","https://ovregate.no/ansatte/","","ingen e-post funnet"
"Tannlege Schriwer AS","Porsgrunn","35 55 22 50","","","ingen nettside"
"Skein","Porsgrunn","","","","ingen nettside"
"Knut Sven Tubaas Tannlegen","Porsgrunn","35 55 22 06","","","ingen nettside"
"Tannlege Even Eie Bjørvik AS","Porsgrunn","91 69 81 56","","","ingen nettside"
"Olav Strand","Porsgrunn","","","","ingen nettside"
"Tannlege Augestad","Porsgrunn","35 56 64 00","http://www.tannlegeaugestad.no/","","ingen e-post funnet"
"Skomvær Dental AS","Porsgrunn","35 55 62 40","","","ingen nettside"
"Jan Johansen","Porsgrunn","94 15 10 80","","","ingen nettside"
"Lillegaard Tannklinikk","Bodø","75 52 22 33","","","ingen nettside"
"Tannlege Morten Aanonsen","Moss","69 25 37 04","https://www.tannlege-aanonsen.no/","","ingen e-post funnet"
"Tannlege Ragnhild Olsen AS","Porsgrunn","47 13 21 32","http://www.tannlegero.no/","post@tannlegero.no","ok"
"Tannlege Moen","Bodø","75 50 65 10","","","ingen nettside"
"Tannlege Rune Normann","Bodø","75 52 00 11","","","ingen nettside"
"Tannlege Thor Arne Sandjord","Bodø","75 50 64 40","","","ingen nettside"
"THORKILDSEN ØDEGÅRD AS","Porsgrunn","45 83 16 10","http://tannlegeoedegard.no/","ahtoedeg@gmail.com","ok"
"Tannlege Sigmund Olaf Kristiansen Kjeveortopedi AS","Bodø","75 52 48 98","","","ingen nettside"
"Salten Tannhelsedistrikt","Bodø","75 65 19 41","","","ingen nettside"
"Bodø kretsfengsel Biklinikk","Bodø","75 55 94 36","","","ingen nettside"
"Gruben Tannklinikk","Bodø","","","","ingen nettside"
"Tanntekniker","Bodø","","","","ingen nettside"
"Tannlegene Solveig Lyngtveit Lindland og Elise Lyngtveit Lindland Møller","Arendal","37 02 30 11","","","ingen nettside"
"Tannlege Mette Hofstad","Arendal","37 02 55 22","","","ingen nettside"
"Tannlege Guri Sandnes","Porsgrunn","35 55 17 03","https://www.helsesmart.no/klinikk/tannlege-guri-sandnes-8211/","tannlege@gurisandnes.no","ok (2. pass)"
"Tannlege Cecilie Borg Heyerdahl","Porsgrunn","91 91 80 82","https://www.tannlegececilieheyerdahl.no/","","ingen e-post funnet"
"Tannlegegården Barth AS","Bodø","93 47 20 00","http://www.tannlegegarden.no/","example@mysite.com","ok"
"Tannlege Tor Tegnander","Bodø","75 50 65 90","http://www.tanntor.no/","post@tanntor.no","ok"
"Tannlege Jørgensen Knut Eric","Arendal","37 02 55 22","","","ingen nettside"
"Tannlege Timea Barexstein","Arendal","37 02 13 03","https://tannlege-arendal.business.site/","","ingen e-post funnet"
"Preben Stenersen","Arendal","37 02 29 40","","","ingen nettside"
"Hans Tannlege Roscher AS","Arendal","37 02 28 24","","","ingen nettside"
"Toppen Tannregulering","Tønsberg","33 31 14 55","http://www.toppentannregulering.no/","","ingen e-post funnet"
"Beha Sport AS","Porsgrunn","35 55 73 03","https://behasport.no/","","ingen e-post funnet"
"Anne Grethe Beisland Tannlege","Arendal","37 02 14 00","","","ingen nettside"
"Kjeveortoped Jette Jørgensen","Arendal","37 02 22 55","","","ingen nettside"
"Tyholmen Tannlegesenter","Arendal","37 02 29 40","http://www.tyholmen-tannlegesenter.no/","tannlegene@tyholmen-tannlegesenter.no","ok"
"Pollen Dental AS","Arendal","41 63 44 95","","","ingen nettside"
"Per Kristian Lundvall","Arendal","90 60 08 66","","","ingen nettside"
"Tannlege Hvaring","Porsgrunn","35 55 54 00","http://tannlegehvaring.no/","post@tannlegehvaring.no","ok (2. pass)"
"a1smil","Arendal","","","","ingen nettside"
"Torleiv Lauvdal","Arendal","37 02 29 40","","","ingen nettside"
"Стоматолог Арендал","Arendal","","","","ingen nettside"
"a1tannlegen kirkedam as","Arendal","37 02 10 90","","","ingen nettside"
"Jettebra","Arendal","","","","ingen nettside"
"Per Lauvdal","Arendal","37 31 06 98","","","ingen nettside"
"Obe AS","Arendal","37 02 14 00","","","ingen nettside"
"Tannlege Jon Egil T. Fiane","Arendal","37 02 48 45","https://tannlegefiane.no/","post@tannlegefiane.no","ok"
"Tannlege Synnøve Anette Terjesen AS","Arendal","37 02 13 03","https://www.tannlegeterjesen.no/","tannlegeterjesen@gmail.com","ok"
"Tannlege Marie Eng","Hamar","62 52 44 44","https://www.tannlegeneitorggata3.no/","post@tannlegerosbak.no","ok"
"Innlandet Hamar Tannlegevakt Dhaliwal (tidligere Mjøsa Tannklinikk)","Hamar","62 11 80 00","https://mjøsatannklinikk.no/","post@mjosatannklinikk.no","ok"
"Tannlege Svendsen","Porsgrunn","35 55 08 00","http://tannlege-svendsen.no/","","ingen e-post funnet"
"Tannlege Kjersti Høye","Hamar","62 52 66 50","","","ingen nettside"
"Tannlege Nabeel Mekhlif AS","Hamar","62 52 70 00","","","ingen nettside"
"Tannlege Inge Lima","Hamar","62 52 58 05","","","ingen nettside"
"Tannlegene Sandnes , Kurt og Elina","Hamar","62 52 48 86","","","ingen nettside"
"Jan Tore Olsen Tannlege","Arendal","37 02 14 00","https://www.arendaltannlegesenter.no/tannlege-jan-tore-olsen/","arendal@colosseum.no","ok"
"Magnhild Olrud","Hamar","62 52 36 96","","","ingen nettside"
"Tannlege Terje Skogly","Hamar","62 52 29 04","","","ingen nettside"
"Grandsenteret","Hamar","","","","ingen nettside"
"Tannlege Eunhyun Kim","Hamar","41 22 24 41","","","ingen nettside"
"Grand Helsesenter","Hamar","","","","ingen nettside"
"Jardar Strand","Hamar","41 53 29 37","","","ingen nettside"
"Sagatun Tannlegeklinikk","Hamar","62 53 29 29","","","ingen nettside"
"Tore Orre Haaland","Hamar","62 52 26 33","","","ingen nettside"
"Tannlege Kjell Linkjendal AS","Hamar","62 52 58 05","","","ingen nettside"
"Robert Drosch","Hamar","","","","ingen nettside"
"Vangsvein 62","Hamar","","","","ingen nettside"
"BedreTenner","Hamar","40 07 80 15","","","ingen nettside"
"Peder Bronken","Hamar","62 52 24 54","","","ingen nettside"
"Hamar Sentrum","Hamar","41 41 29 80","","","ingen nettside"
"Simen Willy Johnsen","Hamar","62 52 61 05","","","ingen nettside"
"Sisle Varegg Eide","Hamar","92 22 46 52","","","ingen nettside"
"Dzenana Grabovica","Hamar","62 11 04 36","","","ingen nettside"
"Reidun Romsaas","Hamar","62 52 61 05","","","ingen nettside"
"Knut Otto Haavie","Hamar","99 26 90 68","","","ingen nettside"
"Mage-Tarm Klinikken Amfi Arena","Arendal","37 02 00 83","http://www.magetarmklinikken.no/","","ingen e-post funnet"
"Petar Ninkov","Hamar","40 21 54 32","","","ingen nettside"
"Finn Sindre Aas","Hamar","62 52 66 50","","","ingen nettside"
"Canpol AS","Hamar","96 95 10 46","","","ingen nettside"
"Arbo-Lab - din tanntekniker Hamar","Hamar","90 97 36 91","","","ingen nettside"
"Tannlegevakt Innlandet","Hamar","94 98 48 35","https://www.tannlegevaktinnlandet.no/","post@aktivtannhelse.no","ok"
"Tannlege Faruk Surbehan","Larvik","33 18 39 11","","","ingen nettside"
"Tannlegene Rustad AS","Larvik","33 18 18 71","","","ingen nettside"
"Jon Eriksen Tannlege","Larvik","33 12 54 52","","","ingen nettside"
"Tannlegene Helganes og Krukowski","Larvik","33 18 14 35","","","ingen nettside"
"Pollen Tannklinikk","Arendal","37 00 27 55","https://www.pollentannklinikk.no/","toril.storeng@broadpark.no","ok"
"Tannlege Kjetil Bakke","Larvik","33 18 15 51","","","ingen nettside"
"Tannlege Maren Risvær","Larvik","33 12 50 95","","","ingen nettside"
"Tryggestad Tannklinikk","Bodø","75 53 22 01","http://www.tryggestad-tannklinikk.no/","","ingen e-post funnet"
"Pyramiden tannlegekontor AS","Larvik","33 12 69 52","https://www.pyramiden.no/","kontakt@eksempel.no","ok"
"Larvik Tann & Kjeveklinikk","Larvik","33 18 20 18","https://m.facebook.com/larviktann/","","ingen e-post funnet"
"Petter A Lauritzsen AS Tannlege","Larvik","33 18 49 13","","","ingen nettside"
"Jan Lotherington","Larvik","33 18 29 85","","","ingen nettside"
"Reguline AS Karen A B Kristoffersen","Larvik","33 18 20 18","http://www.reguline.no/","","ingen e-post funnet"
"Jan Norberg","Larvik","33 19 73 25","","","ingen nettside"
"Boye Tannlege Nereng AS","Larvik","33 18 44 24","","","ingen nettside"
"Larvik kjedeorooedi","Larvik","","","","ingen nettside"
"Tannpleierklinikken AS","Larvik","33 18 99 59","http://www.tannpleierklinikken.no/","","ingen e-post funnet"
"Øystein Haram","Larvik","33 18 15 51","","","ingen nettside"
"Dyrendal Tannhelsesenter","Halden","69 21 10 60","","","ingen nettside"
"Tannlegene i Kvartal 48","Hamar","62 52 30 73","http://www.tannlegene48.no/","post@tannlegene48.no","ok"
"Alvenes Dental (Maria E. Alvenes)","Hamar","62 55 34 50","http://alvenesdental.no/","","ingen e-post funnet"
"Tannlege Siri Sagbakken","Halden","90 61 69 98","","","ingen nettside"
"Tannlege Elzbieta Robakowska","Halden","46 84 84 65","","","ingen nettside"
"Tore Kjell Larseng","Halden","69 18 44 42","","","ingen nettside"
"Tannlege Geir Frøyshov AS","Hamar","62 52 61 05","http://grandtannlegene.no/","hamar@odontia.no","ok"
"Dyrendal medisinske senter","Halden","","","","ingen nettside"
"Tannlege Jan Engh","Halden","69 17 90 45","","","ingen nettside"
"Einar Lorentzen","Halden","","","","ingen nettside"
"Hilde Aas","Halden","69 19 30 08","","","ingen nettside"
"Gro Aakre Granfeldt","Halden","69 18 52 11","","","ingen nettside"
"Arman Ay","Halden","","","","ingen nettside"
"Ove Fæhn AS","Halden","69 17 90 45","","","ingen nettside"
"Berg Jarle invest AS","Halden","91 17 83 60","","","ingen nettside"
"Jarle Alvin Berg","Halden","69 18 56 37","","","ingen nettside"
"Tannlege Anne Blix Werner","Arendal","37 02 65 53","http://www.anneblixwerner.no/","post@anneblixwerner.no","ok"
"Tannlege Petter Larseng","Halden","69 18 44 42","http://www.tannlegelarseng.no/","tannlege@larseng.no","ok"
"CC Hamar","Hamar","96 91 48 00","https://cc.no/hamar/","cchamar@cc.no","ok (2. pass)"
"Tannlegen på Landet AS","Larvik","33 21 01 98","http://www.tannlegenpalandet.no/","","ingen e-post funnet"
"Tannlegene i Niels Ankers gate 5","Halden","69 18 13 64","http://www.haldental.no/tafjord.htm","","ingen e-post funnet"
"Tannlege Stavern AS","Larvik","33 19 92 64","https://staverntann.no/","tannlegestavern@outlook.com","ok"
"Tannlegene Jon Myrebøe, Karen Kristoffersen og Ingvild Borgeraas","Larvik","33 18 20 18","http://kjeve.no/","","ingen e-post funnet"
"Tannregulering i Halden","Halden","69 18 59 60","https://www.tannreguleringhalden.no/","","ingen e-post funnet"
"Maxis Kjøpesenter","Arendal","37 02 72 41","http://www.maxis.no/","","ingen e-post funnet"
